Nome,UltimoNome,Email,Sexo,IpAcesso,Idade,Nascimento
Abba,Dooly,adooly8r@technorati.com,Male,45.166.22.45,31,19/10/1990
Abbie,McDavid,amcdavid4z@wufoo.com,Female,252.101.153.189,40,10/09/1981
Abbie,Wyant,awyant6z@nih.gov,Female,124.252.154.232,25,16/07/1996
Abigale,Lowres,alowresbh@myspace.com,Female,62.59.198.237,23,12/10/1998
Abran,Minchella,aminchella9q@google.com.au,Male,28.236.105.89,40,17/10/1981
Addie,MacNeish,amacneishpd@bing.com,Male,140.109.137.139,31,27/06/1990
Adriana,Hedlestone,ahedlestone41@hao123.com,Female,73.155.164.235,28,06/07/1993
Adrianne,Preston,aprestondo@ucsd.edu,Female,223.117.223.165,33,26/01/1988
Agace,Forde,afordehh@mozilla.com,Female,77.0.114.81,35,23/12/1986
Agace,Halloway,ahallowaypu@boston.com,Female,13.102.98.170,39,14/06/1982
Agatha,Brightwell,abrightwellqk@kickstarter.com,Female,143.91.150.238,34,17/03/1987
Agna,Franiak,afraniak92@t-online.de,Female,18.233.40.152,22,22/11/1999
Agnella,Barlee,abarleedj@wikispaces.com,Female,217.128.111.125,25,29/06/1996
Agretha,Downse,adownsed4@mit.edu,Female,236.8.84.55,42,19/06/1979
Ailey,Djuricic,adjuricicmv@baidu.com,Female,102.93.209.127,42,12/04/1979
Aksel,Ronald,aronaldel@statcounter.com,Male,127.115.163.94,37,09/12/1984
Al,Feaveer,afeaveerew@aol.com,Male,246.99.61.128,20,01/02/2001
Albert,Forster,aforster9x@freewebs.com,Male,98.188.248.177,40,21/02/1981
Alberto,Abrahmovici,aabrahmovicigh@nsw.gov.au,Male,171.145.199.60,21,07/03/2000
Alden,Deschelle,adeschellemg@purevolume.com,Male,246.141.87.197,25,24/04/1996
Alexandra,Paynes,apaynesl6@statcounter.com,Female,25.133.172.140,20,03/11/2001
Alfie,Wasiela,awasielaj5@linkedin.com,Female,86.146.176.116,19,27/07/2002
Alia,Domanski,adomanski5a@51.la,Female,225.136.70.149,22,17/06/1999
Alika,Cunde,acundegl@timesonline.co.uk,Female,249.218.75.30,27,27/08/1994
Alisa,Scarlan,ascarlannx@tiny.cc,Female,34.92.49.158,38,15/07/1983
Alix,Antoniewicz,aantoniewicz23@blog.com,Female,68.230.104.12,42,06/12/1979
Alla,Ackroyd,aackroydpq@va.gov,Female,22.187.145.196,21,13/05/2000
Allx,Kort,akort1q@jugem.jp,Female,58.123.6.54,34,22/08/1987
Aloise,Fryatt,afryattk1@virginia.edu,Female,148.124.129.156,29,19/05/1992
Alonso,Curlis,acurlisp6@dion.ne.jp,Male,127.167.8.41,28,31/07/1993
Alonzo,Donaghie,adonaghien@wordpress.com,Male,29.245.53.197,23,15/03/1998
Alphard,Mereweather,amereweatherj4@nasa.gov,Male,142.97.154.42,20,21/12/2001
Alva,Folcarelli,afolcarellijy@dyndns.org,Male,172.112.12.7,29,27/02/1992
Alvin,Bettaney,abettaneyef@gizmodo.com,Male,39.58.30.213,39,06/08/1982
Alys,Bartoloma,abartolomal8@quantcast.com,Female,68.127.195.21,20,23/12/2001
Amabel,Thorneley,athorneley4f@discovery.com,Female,243.151.57.79,26,06/03/1995
Ambrosi,Chate,achatecz@jigsy.com,Male,43.39.155.129,40,22/12/1981
Ambrosio,Scamerdine,ascamerdineb2@studiopress.com,Male,18.148.3.252,20,22/02/2001
Amelina,Grist,agristn7@narod.ru,Female,44.83.75.198,34,15/05/1987
Anallise,Probate,aprobateal@epa.gov,Female,57.96.187.101,36,28/04/1985
Andre,Day,adayh4@smh.com.au,Male,64.6.119.20,26,20/04/1995
Andrea,Arbon,aarbonaf@opensource.org,Male,49.223.19.169,29,06/03/1992
Andrey,Bearward,abearwardph@ebay.com,Male,80.95.99.200,27,07/02/1994
Andriette,Braizier,abraizier87@dion.ne.jp,Female,218.188.184.8,39,16/06/1982
Angelica,Tweedy,atweedyop@imageshack.us,Female,71.155.218.219,42,27/09/1979
Angelique,Schulze,aschulzejl@mozilla.com,Female,241.98.5.53,25,27/07/1996
Annabelle,Risebrow,arisebrow83@amazon.com,Female,69.174.182.78,28,14/01/1993
Arch,Keems,akeemsqj@zdnet.com,Male,165.148.149.176,41,27/09/1980
Archie,Down,adown19@arstechnica.com,Male,72.36.133.248,19,08/07/2002
Ardine,Hanmore,ahanmorels@mysql.com,Female,65.213.188.119,34,28/09/1987
Ari,Brozek,abrozekjv@hao123.com,Male,97.149.41.11,27,03/03/1994
Arlan,Sandercroft,asandercroftr6@virginia.edu,Male,81.31.29.227,30,19/01/1991
Arleen,Conant,aconanthd@about.com,Female,228.148.234.112,21,10/07/2000
Arliene,Cuerdale,acuerdaler5@domainmarket.com,Female,140.192.210.26,27,01/07/1994
Arluene,Buxy,abuxyod@netlog.com,Female,156.0.217.46,37,31/12/1984
Armstrong,Peiro,apeirob3@chronoengine.com,Male,149.123.224.40,38,04/12/1983
Arnie,Ferrieri,aferrierigv@bizjournals.com,Male,101.56.151.154,26,22/05/1995
Arron,Crannell,acrannellhy@deviantart.com,Male,43.77.98.139,41,25/07/1980
Artie,Quiney,aquineyad@sphinn.com,Male,133.102.164.42,30,26/05/1991
Ashil,Kinkead,akinkead2m@slate.com,Female,197.67.199.143,36,12/01/1985
Ashley,Ould,aouldpw@eepurl.com,Female,207.184.19.241,26,10/09/1995
Ashlie,Gilvary,agilvarybl@paypal.com,Female,46.17.50.187,25,29/03/1996
Audrie,Roels,aroelsk5@xinhuanet.com,Female,28.237.27.254,26,24/09/1995
Augusta,Kiehl,akiehl4j@noaa.gov,Female,204.237.11.38,42,15/10/1979
Ave,Rathbourne,arathbourne81@mayoclinic.com,Male,200.182.26.100,40,20/04/1981
Ave,Glasson,aglassonn6@usgs.gov,Male,148.230.42.125,24,28/01/1997
Aveline,Godilington,agodilingtonnp@mozilla.com,Female,192.236.78.148,42,18/05/1979
Babb,Silversmid,bsilversmidix@scribd.com,Female,120.33.142.115,39,11/06/1982
Barbabas,Cagan,bcaganhg@oakley.com,Male,44.106.10.100,41,08/05/1980
Barbara-anne,Fernandez,bfernandez8h@marriott.com,Female,249.175.238.43,22,12/07/1999
Barbie,Gorbell,bgorbelljs@census.gov,Female,177.54.87.220,42,19/11/1979
Barnett,McGettrick,bmcgettrickgd@nationalgeographic.com,Male,75.98.72.253,28,03/05/1993
Barty,Windmill,bwindmillma@rakuten.co.jp,Male,21.151.240.157,26,26/11/1995
Bax,Marie,bmariejf@miitbeian.gov.cn,Male,183.2.133.84,37,12/04/1984
Baxter,Mattielli,bmattiellipi@amazonaws.com,Male,149.130.0.199,41,09/12/1980
Bayard,Blandamere,bblandamerejg@mashable.com,Male,86.16.62.93,26,17/09/1995
Beatrice,Celiz,bcelizj7@joomla.org,Female,179.239.99.250,39,11/01/1982
Beaufort,Towle,btowle54@youtube.com,Male,96.222.22.138,28,31/12/1993
Beck,Bartoszewicz,bbartoszewicz3u@sun.com,Male,90.146.63.10,38,09/04/1983
Becky,Chetwind,bchetwind6b@nature.com,Female,246.245.121.18,19,31/03/2002
Bellanca,Goscar,bgoscarpe@buzzfeed.com,Female,28.146.98.175,31,23/11/1990
Beltran,Jex,bjex9b@google.co.jp,Male,43.146.18.112,23,19/07/1998
Benedicta,Tommasi,btommasie7@samsung.com,Female,141.5.83.192,31,03/07/1990
Bennett,Sandiland,bsandilandbm@admin.ch,Male,235.139.108.56,19,12/01/2002
Benni,Burchett,bburchett9j@theglobeandmail.com,Female,113.55.17.48,42,15/03/1979
Benoite,Simonian,bsimonianqv@angelfire.com,Female,157.94.49.141,22,10/09/1999
Berkie,Stenners,bstennersre@bigcartel.com,Male,191.178.120.59,38,29/01/1983
Bernadina,Vaughton,bvaughton6d@odnoklassniki.ru,Female,90.205.62.183,41,30/01/1980
Bernadina,Duckering,bduckeringp1@marketwatch.com,Female,241.40.66.147,25,11/06/1996
Bertie,Cunnow,bcunnow4u@cbsnews.com,Female,183.147.129.142,28,09/11/1993
Bertie,Puvia,bpuviag1@over-blog.com,Female,9.211.215.69,34,06/07/1987
Bess,Kenion,bkenionh5@goo.ne.jp,Female,165.239.89.70,24,21/12/1997
Bethany,Gennings,bgennings1v@google.es,Female,214.250.145.30,37,08/03/1984
Bevin,Smee,bsmeedf@google.de,Male,187.94.83.6,25,18/11/1996
Biddie,MacBean,bmacbeangg@msn.com,Female,159.146.249.86,25,04/05/1996
Billy,Minihan,bminihanf5@t-online.de,Male,75.99.234.246,19,15/06/2002
Binnie,Dutchburn,bdutchburn3w@yellowpages.com,Female,183.37.238.195,31,07/07/1990
Binnie,Deeming,bdeemingg5@home.pl,Female,60.154.148.250,37,22/09/1984
Blithe,Smalles,bsmallesbf@youku.com,Female,59.92.128.205,32,06/06/1989
Blondell,Napier,bnapieroz@reddit.com,Female,48.67.136.111,40,10/08/1981
Bobbe,Dominique,bdominiquelx@usnews.com,Female,167.148.41.42,20,11/09/2001
Boonie,Gherardesci,bgherardescicv@fda.gov,Male,215.159.227.168,19,28/06/2002
Booth,Schriren,bschrirenap@zimbio.com,Male,224.41.148.67,20,03/12/2001
Bord,Fenty,bfenty6a@chron.com,Male,195.189.191.59,25,10/11/1996
Bordy,Mitie,bmitieh3@skyrock.com,Male,62.32.5.251,40,03/06/1981
Borg,Murty,bmurty6u@craigslist.org,Male,102.118.120.24,20,18/11/2001
Boris,Avrahamof,bavrahamof5i@clickbank.net,Male,59.221.214.168,32,01/04/1989
Bourke,Keatch,bkeatchpn@csmonitor.com,Male,156.107.100.4,25,14/12/1996
Boyce,Carss,bcarssj9@ucla.edu,Male,225.248.44.84,41,17/04/1980
Boyce,Dingate,bdingatent@icio.us,Male,113.70.69.177,35,01/03/1986
Brady,Wescott,bwescott27@mashable.com,Male,57.197.212.34,35,25/03/1986
Brand,Larway,blarway6w@bravesites.com,Male,208.125.226.51,21,30/09/2000
Brandi,Jeffers,bjeffers4i@ucoz.ru,Female,142.177.179.182,29,27/12/1992
Brandtr,Jerrams,bjerramsn8@accuweather.com,Male,90.73.41.61,42,31/07/1979
Brandy,Heeks,bheeksat@mozilla.org,Male,43.8.112.53,30,24/08/1991
Brannon,Daugherty,bdaugherty3o@disqus.com,Male,100.180.103.164,22,18/06/1999
Brendis,Speere,bspeereqz@t.co,Male,44.11.253.150,25,30/04/1996
Brennan,Cafferty,bcaffertymu@people.com.cn,Male,62.43.128.244,27,08/06/1994
Brett,Balint,bbalintk8@blogs.com,Male,106.185.248.101,29,09/10/1992
Briana,Pudge,bpudge7o@cbc.ca,Female,245.9.235.249,35,22/03/1986
Briggs,Wythill,bwythillj0@washingtonpost.com,Male,130.186.5.255,37,14/10/1984
Briggs,Swyn,bswynkj@dedecms.com,Male,153.202.132.198,23,25/06/1998
Briny,Addy,baddybx@ftc.gov,Female,6.77.149.83,32,20/03/1989
Britt,Smurfit,bsmurfit9t@mashable.com,Male,237.161.115.83,21,13/07/2000
Broderick,Halshaw,bhalshawl2@guardian.co.uk,Male,216.101.70.28,33,22/08/1988
Brooke,Scoggin,bscoggindb@hubpages.com,Male,82.207.165.153,28,22/08/1993
Brooks,Bugdale,bbugdale9y@mac.com,Female,189.213.0.88,28,18/03/1993
Bryna,Denniston,bdenniston2d@netvibes.com,Female,44.208.135.64,28,21/12/1993
Cad,Kennedy,ckennedym4@elpais.com,Male,159.202.134.20,19,07/07/2002
Callie,Pike,cpikelm@cmu.edu,Female,186.41.210.212,25,11/08/1996
Cally,Beale,cbealer3@facebook.com,Female,93.21.71.147,23,07/12/1998
Cammie,Corse,ccorse30@cdbaby.com,Female,64.34.58.212,23,14/05/1998
Candace,Wellings,cwellingsr4@twitpic.com,Female,11.30.189.54,37,27/11/1984
Carine,Sutch,csutchd0@arstechnica.com,Female,226.124.13.138,23,07/05/1998
Cariotta,Garrit,cgarritki@surveymonkey.com,Female,4.48.111.29,30,29/11/1991
Carlene,Minerdo,cminerdomk@businessweek.com,Female,4.211.16.106,38,22/09/1983
Carlye,Yeaman,cyeamanih@exblog.jp,Female,50.65.48.201,29,05/04/1992
Carmencita,Jirieck,cjirieck2w@qq.com,Female,90.108.238.170,30,18/09/1991
Carmine,Karpe,ckarper0@trellian.com,Male,169.104.159.19,22,06/11/1999
Carmita,Stern,cstern56@multiply.com,Female,33.209.68.223,19,13/01/2002
Carol-jean,Pennick,cpennick5n@cbc.ca,Female,61.50.54.25,39,18/02/1982
Carter,Martensen,cmartenseng6@infoseek.co.jp,Male,22.135.163.249,26,30/01/1995
Casey,Dogg,cdoggi7@bizjournals.com,Male,89.227.9.81,36,31/01/1985
Cassie,McArthur,cmcarthuriy@usnews.com,Male,99.40.11.54,39,29/05/1982
Cathe,Baggallay,cbaggallayrb@stumbleupon.com,Female,63.61.59.154,34,27/04/1987
Cathleen,Lutzmann,clutzmannau@google.cn,Female,216.13.69.151,28,04/11/1993
Cathlene,MacRedmond,cmacredmondqa@ning.com,Female,96.113.242.174,23,14/09/1998
Cati,Dantesia,cdantesia8t@seattletimes.com,Female,181.64.225.101,38,24/08/1983
Catie,Dunks,cdunks4v@facebook.com,Female,111.87.138.106,24,22/02/1997
Ceil,Brikner,cbriknergp@nyu.edu,Female,81.238.193.156,30,31/10/1991
Chaim,St Angel,cstangelb7@skype.com,Male,66.55.167.217,32,23/12/1989
Chariot,Corsor,ccorsoros@ask.com,Male,7.207.18.154,27,22/12/1994
Charline,Fellini,cfellini2v@bravesites.com,Female,2.142.176.117,28,15/01/1993
Charlton,Ruscoe,cruscoed8@mac.com,Male,42.141.30.121,40,17/08/1981
Charmian,Melling,cmelling13@mediafire.com,Female,108.67.244.111,42,09/12/1979
Charmine,Smeuin,csmeuin9i@eventbrite.com,Female,231.80.144.220,25,03/11/1996
Charmion,Asplin,casplin7k@odnoklassniki.ru,Female,162.213.87.19,22,22/04/1999
Charmion,Matkovic,cmatkovicf8@yellowpages.com,Female,24.163.234.102,37,17/04/1984
Cher,Redley,credley42@sohu.com,Female,254.55.48.19,20,11/10/2001
Cherie,Cornillot,ccornillot2c@ed.gov,Female,172.53.10.253,39,12/05/1982
Cherilyn,Laskey,claskeyh8@reference.com,Female,79.144.190.110,26,28/03/1995
Chester,Woollin,cwoollindt@berkeley.edu,Male,133.227.169.65,35,16/04/1986
Chickie,Bew,cbewjq@time.com,Female,114.144.178.83,27,22/07/1994
Chris,Hutt,chuttky@mtv.com,Male,36.23.62.167,29,09/02/1992
Chrisse,Cremins,ccreminspm@ycombinator.com,Male,242.143.43.203,39,23/08/1982
Chrissie,Arnaldi,carnaldimr@epa.gov,Female,123.60.101.38,19,27/01/2002
Chrissy,Brameld,cbrameld9f@illinois.edu,Female,118.208.1.146,29,19/02/1992
Christal,Millsap,cmillsap3e@latimes.com,Female,247.238.47.72,35,02/05/1986
Christean,Pudden,cpudden78@flickr.com,Female,52.141.196.69,32,29/01/1989
Christel,Glennie,cglennie2n@aboutads.info,Female,75.205.239.181,31,30/04/1990
Claiborn,Eastridge,ceastridge2@etsy.com,Male,155.223.175.52,24,29/01/1997
Claiborne,Penylton,cpenyltonl7@slideshare.net,Male,51.110.71.249,28,10/03/1993
Clarance,Lickorish,clickorishp0@state.gov,Male,96.161.228.69,36,12/09/1985
Claybourne,Ardern,cardern10@xing.com,Male,237.136.62.150,20,10/01/2001
Clem,Dann,cdannct@spotify.com,Male,197.108.138.12,42,20/10/1979
Clementine,Rudsdell,crudsdelldw@liveinternet.ru,Female,16.66.33.46,26,15/11/1995
Clemmie,Shakelade,cshakeladeqs@drupal.org,Male,31.206.39.138,21,30/03/2000
Cleve,Gaylard,cgaylard8d@typepad.com,Male,169.42.112.175,27,10/05/1994
Clifford,Turland,cturlandx@ted.com,Male,239.33.140.244,40,29/11/1981
Clywd,Perceval,cperceval2p@wunderground.com,Male,172.75.191.231,20,11/09/2001
Cody,Milley,cmilleyfh@ezinearticles.com,Female,55.95.22.87,33,08/01/1988
Colan,Boylund,cboylundq@friendfeed.com,Male,210.16.196.19,23,15/12/1998
Colette,Tolhurst,ctolhurst3z@nature.com,Female,146.157.163.68,33,20/10/1988
Colette,Bearman,cbearmandi@va.gov,Female,235.90.244.92,35,16/11/1986
Colette,Coxhead,ccoxheadmy@bloomberg.com,Female,73.105.251.201,21,14/05/2000
Conant,Squires,csquires1g@networkadvertising.org,Male,50.193.221.20,35,29/07/1986
Conn,Goodram,cgoodramiu@reverbnation.com,Male,205.215.35.93,39,12/05/1982
Coralyn,Fleckno,cfleckno6x@loc.gov,Female,39.239.133.51,29,15/07/1992
Corbet,Marcus,cmarcusny@twitter.com,Male,1.20.13.204,20,17/03/2001
Cordula,Caen,ccaenlo@webmd.com,Female,206.171.14.148,42,28/11/1979
Corilla,Derrington,cderrington77@wunderground.com,Female,83.121.45.85,21,22/07/2000
Cornie,Pilmore,cpilmoreqn@gmpg.org,Male,148.248.27.150,32,11/08/1989
Cory,Fearnall,cfearnallea@weebly.com,Female,56.252.66.94,22,20/11/1999
Cory,Iacomini,ciacominimn@flavors.me,Female,59.55.134.79,28,27/10/1993
Costanza,Prigmore,cprigmore21@ucoz.com,Female,164.68.25.89,23,23/08/1998
Costanza,Onele,coneleqb@pinterest.com,Female,61.4.162.83,28,16/07/1993
Crysta,Herley,cherley1m@reference.com,Female,140.240.250.155,27,21/10/1994
Crystie,Kellegher,ckellegherh2@eepurl.com,Female,183.240.76.8,30,13/06/1991
Cull,Wellstead,cwellsteadqr@altervista.org,Male,170.187.233.115,28,26/05/1993
Cullen,Gorey,cgorey8g@ameblo.jp,Male,143.213.101.60,27,09/12/1994
Curran,Phizackerly,cphizackerly39@xinhuanet.com,Male,167.171.59.61,26,30/10/1995
Curtis,Larenson,clarensonnv@addtoany.com,Male,137.193.50.115,29,23/10/1992
Cymbre,Catchpole,ccatchpolear@hao123.com,Female,240.92.25.46,19,13/12/2002
Cyndy,Skaif,cskaifkf@ft.com,Female,43.115.244.142,22,17/05/1999
Cyrillus,Stokoe,cstokoep@home.pl,Male,170.183.16.137,42,22/06/1979
Daile,Hatherill,dhatherilljr@scribd.com,Female,115.16.68.207,41,26/12/1980
Dana,Ashness,dashness2b@exblog.jp,Female,137.214.177.232,20,05/05/2001
Daniele,Rumming,drumming9e@printfriendly.com,Female,196.189.131.215,42,27/04/1979
Dannel,Hessel,dhesselm1@discovery.com,Male,175.136.113.205,20,18/08/2001
Dannel,Mityushkin,dmityushkino8@digg.com,Male,81.94.202.39,22,27/04/1999
Danya,Lampert,dlamperteb@miitbeian.gov.cn,Male,19.135.144.6,19,07/04/2002
Darcee,Tybalt,dtybaltp7@latimes.com,Female,88.110.239.76,31,19/04/1990
Darelle,Brimacombe,dbrimacombeev@army.mil,Female,74.70.165.25,38,10/11/1983
Darice,Kobu,dkobugb@howstuffworks.com,Female,227.191.226.71,33,20/01/1988
Darren,Meade,dmeadecg@nih.gov,Male,3.144.16.218,19,21/12/2002
Daryle,Bourcq,dbourcqa0@exblog.jp,Male,131.68.150.211,20,14/10/2001
Davida,Ellif,dellifpc@addthis.com,Female,226.70.63.119,33,27/01/1988
Davidson,Dusting,ddustingok@usa.gov,Male,85.105.235.171,40,17/10/1981
Davie,Betton,dbetton5q@tinypic.com,Male,21.41.38.18,25,02/02/1996
Davita,Clarson,dclarsonq3@addtoany.com,Female,20.200.239.195,23,24/12/1998
Deane,Leggin,dlegginhv@economist.com,Male,142.176.248.10,32,13/05/1989
Debera,Rhubottom,drhubottom3a@angelfire.com,Female,62.204.197.245,35,14/08/1986
Dedra,Peasee,dpeasee7j@eventbrite.com,Female,130.134.221.209,38,14/08/1983
Deeann,Samweyes,dsamweyes96@epa.gov,Female,244.74.229.114,25,30/11/1996
Deeann,Baskeyfield,dbaskeyfieldrj@com.com,Female,139.237.96.151,27,15/05/1994
Deina,Riatt,driattra@japanpost.jp,Female,208.170.27.65,20,03/03/2001
Delaney,Lay,dlayjo@netscape.com,Male,73.66.49.152,23,21/05/1998
Demetris,Youster,dyouster2j@ucoz.com,Male,117.179.137.62,25,07/08/1996
Dena,Demaine,ddemained3@elpais.com,Female,161.200.52.163,41,26/06/1980
Denis,Roze,drozemo@pbs.org,Male,230.237.169.177,42,13/01/1979
Denni,Walkowski,dwalkowskic5@unblog.fr,Female,76.166.208.42,38,25/05/1983
Denys,Guillon,dguillonjk@hc360.com,Female,59.73.130.23,39,28/03/1982
Derrick,Vasilchikov,dvasilchikov8c@sakura.ne.jp,Male,2.43.207.200,25,18/12/1996
Derry,Canete,dcanetekl@state.gov,Male,122.205.93.230,27,04/10/1994
Desi,Mosey,dmoseyfk@jugem.jp,Male,218.7.73.209,20,21/11/2001
Desiree,Hawkey,dhawkey3n@gov.uk,Female,109.59.87.166,34,06/12/1987
Desmund,Aiers,daiersi@webnode.com,Male,209.92.158.11,22,12/09/1999
Deva,Dunphy,ddunphyrc@comsenz.com,Female,234.230.86.232,19,23/05/2002
Devinne,Gorthy,dgorthy0@over-blog.com,Female,211.43.226.128,26,16/02/1995
Devora,Turton,dturton62@nytimes.com,Female,75.224.35.165,35,09/04/1986
Dian,Parham,dparhamh9@ameblo.jp,Female,88.17.100.43,24,29/03/1997
Diannne,Gainsburgh,dgainsburghee@mediafire.com,Female,215.248.145.32,41,16/03/1980
Dillie,Lars,dlarsdx@about.me,Male,191.105.133.218,36,18/09/1985
Dodi,Willowby,dwillowbyey@issuu.com,Female,93.205.92.54,20,29/12/2001
Dolorita,Leeuwerink,dleeuwerinkqi@ft.com,Female,238.12.90.76,30,11/02/1991
Dominga,Slay,dslay1u@newyorker.com,Female,82.66.44.111,22,30/12/1999
Dominic,Brimelow,dbrimelowcb@lulu.com,Male,199.28.125.241,35,23/07/1986
Dominica,Phare,dphareoh@comcast.net,Female,116.41.169.23,40,24/12/1981
Donavon,Chape,dchape1i@huffingtonpost.com,Male,250.119.205.92,39,24/06/1982
Donavon,Zuenelli,dzuenelli5v@behance.net,Male,254.57.111.243,39,01/06/1982
Doralyn,Stanway,dstanwaypj@about.com,Female,74.69.232.223,39,25/06/1982
Doralynn,Van Velden,dvanveldennb@arstechnica.com,Female,48.121.61.210,28,26/08/1993
Doralynne,Arton,darton14@ameblo.jp,Female,112.31.212.70,30,09/03/1991
Dorena,Bemlott,dbemlott6@dedecms.com,Female,73.180.144.89,26,23/09/1995
Dorey,Dreye,ddreye46@mapquest.com,Male,113.161.137.164,30,22/03/1991
Dori,Sweetenham,dsweetenhamgc@slate.com,Female,198.26.119.254,22,12/10/1999
Dorrie,Ropars,dropars74@jalbum.net,Female,227.15.58.193,26,12/05/1995
Dougy,Morgans,dmorgansk@ucsd.edu,Male,179.168.66.247,27,07/08/1994
Drucy,Harnetty,dharnetty5e@yellowbook.com,Female,137.30.191.210,26,23/10/1995
Dud,Vear,dvearns@cam.ac.uk,Male,184.71.243.83,42,18/07/1979
Dudley,Brunroth,dbrunrothgz@gnu.org,Male,143.133.110.81,35,25/09/1986
Duffie,Dederick,ddederickh7@vinaora.com,Male,191.230.229.6,27,09/03/1994
Dukey,Strafen,dstrafenex@liveinternet.ru,Male,61.140.91.187,26,24/08/1995
Dulcia,Stoven,dstovenmh@miitbeian.gov.cn,Female,66.75.137.0,20,01/03/2001
Durand,Huff,dhuffmz@reuters.com,Male,132.240.112.219,25,18/12/1996
Dwayne,Hayer,dhayerqu@nsw.gov.au,Male,211.195.243.55,20,15/08/2001
Eadmund,Dober,edober7t@washingtonpost.com,Male,14.133.4.51,29,21/04/1992
Easter,Sharpe,esharpekn@deviantart.com,Female,19.50.65.172,34,17/11/1987
Ebenezer,Everex,eeverex2h@lulu.com,Male,15.223.165.82,37,24/08/1984
Edie,Gunn,egunn12@miibeian.gov.cn,Female,143.112.137.20,27,30/03/1994
Edith,Dunne,edunne5d@zdnet.com,Female,226.249.249.134,27,28/04/1994
Editha,Holby,eholbyao@live.com,Female,167.234.133.234,35,14/08/1986
Elaina,Andryszczak,eandryszczak4b@nature.com,Female,227.1.17.158,26,02/02/1995
Eldin,Opie,eopien5@theatlantic.com,Male,43.107.43.160,25,27/05/1996
Electra,Daniells,edaniellsqg@quantcast.com,Female,17.48.12.216,35,14/01/1986
Elena,Bilofsky,ebilofsky5h@meetup.com,Female,215.0.4.96,31,29/11/1990
Elfreda,O'Reilly,eoreillyk7@e-recht24.de,Female,104.166.242.10,19,01/10/2002
Eli,Cunnow,ecunnowj@mediafire.com,Male,112.215.54.233,36,25/08/1985
Elisa,Goodale,egoodalep8@unesco.org,Female,113.55.146.46,36,11/02/1985
Elisabet,Gatherell,egatherella@java.com,Female,131.97.133.205,38,18/08/1983
Ella,Creek,ecreek24@technorati.com,Female,188.145.179.7,31,15/11/1990
Ella,Kattenhorn,ekattenhorn4x@epa.gov,Female,84.111.221.19,32,12/01/1989
Ellis,Charlon,echarlon7l@cocolog-nifty.com,Male,10.228.220.69,41,28/08/1980
Ellissa,Blofeld,eblofeldml@huffingtonpost.com,Female,109.212.111.15,32,30/11/1989
Elly,Braven,ebraveno2@so-net.ne.jp,Female,42.226.180.220,35,23/10/1986
Elly,Simakov,esimakovrf@symantec.com,Female,171.16.109.16,28,31/05/1993
Elmer,Brunn,ebrunn9l@seesaa.net,Male,237.101.25.47,31,13/06/1990
Eloisa,Raeside,eraesidehc@chronoengine.com,Female,163.199.208.41,20,06/10/2001
Elsbeth,Thew,ethewu@homestead.com,Female,23.113.34.119,35,16/09/1986
Elsy,Leivesley,eleivesley2s@fastcompany.com,Female,169.30.195.85,24,06/06/1997
Elvis,Bingham,ebinghamrm@webs.com,Male,106.27.243.146,34,14/04/1987
Emelen,Tordiffe,etordiffeje@friendfeed.com,Male,107.30.66.25,32,14/12/1989
Emery,Roke,erokelh@booking.com,Male,116.244.153.132,29,22/04/1992
Emilia,Leggitt,eleggitt8m@washington.edu,Female,75.195.196.39,40,07/08/1981
Emilio,McGriele,emcgrieleez@patch.com,Male,105.194.143.55,37,29/03/1984
Emmanuel,Pavier,epavierrn@addtoany.com,Male,196.144.29.219,41,11/12/1980
Emmi,Graver,egravermj@de.vu,Female,137.201.82.146,40,02/12/1981
Enrique,Sheardown,esheardownji@scribd.com,Male,63.114.61.10,27,28/01/1994
Ephraim,Bulteel,ebulteelq5@reference.com,Male,243.222.129.17,40,09/07/1981
Eran,Vankin,evankinif@yellowbook.com,Female,194.211.96.146,29,28/08/1992
Erie,Collocott,ecollocottcd@state.gov,Male,12.178.75.54,19,21/04/2002
Ermengarde,Dennerley,edennerleyko@merriam-webster.com,Female,55.182.186.151,39,26/04/1982
Ernesta,Beyn,ebeyncw@istockphoto.com,Female,13.230.17.122,39,14/11/1982
Ernie,Wayt,ewaytdp@barnesandnoble.com,Male,173.203.39.39,35,17/11/1986
Eryn,Rackam,erackamlq@disqus.com,Female,53.3.237.234,40,17/03/1981
Esta,Srutton,esruttonkq@zimbio.com,Female,190.110.40.182,29,10/12/1992
Etti,Kingsnod,ekingsnodfy@technorati.com,Female,237.232.17.176,32,20/11/1989
Ettore,Andrag,eandrag3q@i2i.jp,Male,219.229.65.64,24,10/03/1997
Eugine,Biasi,ebiasifb@slashdot.org,Female,40.181.212.87,23,03/08/1998
Evangelin,Saile,esaile4a@reference.com,Female,162.49.96.7,24,07/02/1997
Ewen,Reinbech,ereinbechpg@google.com.au,Male,231.248.87.47,23,23/08/1998
Ezechiel,Knowling,eknowling7z@pen.io,Male,14.194.242.227,26,17/05/1995
Ezechiel,Croucher,ecroucherg9@mashable.com,Male,197.91.217.179,30,03/02/1991
Fae,Adami,fadamif4@last.fm,Female,118.79.193.31,40,24/08/1981
Fanny,Guslon,fguslonrd@fastcompany.com,Female,113.79.175.200,26,17/01/1995
Fawn,Broad,fbroad5j@archive.org,Female,58.68.208.175,38,24/09/1983
Fax,Pollok,fpollokd@chicagotribune.com,Male,134.109.10.219,42,15/09/1979
Felicio,Sabberton,fsabberton7b@google.com.hk,Male,12.103.155.85,42,26/08/1979
Felicity,Mahomet,fmahomet1n@netscape.com,Female,144.99.215.4,20,14/04/2001
Felicle,Attenbrow,fattenbrowfz@tamu.edu,Female,182.141.45.140,37,29/05/1984
Feodor,Doge,fdoge8y@cloudflare.com,Male,90.146.17.48,41,09/05/1980
Ferris,Everist,feverist9v@w3.org,Male,254.134.139.215,32,28/12/1989
Ferris,Marcinkowski,fmarcinkowskic0@mozilla.com,Male,46.179.166.96,31,01/01/1990
Fielding,Di Napoli,fdinapoli5c@mlb.com,Male,54.28.96.115,35,13/05/1986
Filippo,Gansbuhler,fgansbuhlerfv@privacy.gov.au,Male,235.146.128.131,41,22/02/1980
Filippo,Vollam,fvollamn1@g.co,Male,0.168.126.102,36,29/11/1985
Finn,Eilhermann,feilhermann8s@comsenz.com,Male,171.155.16.50,20,30/03/2001
Fionna,Blaker,fblakerbo@wsj.com,Female,163.97.185.214,37,07/03/1984
Flem,Ganter,fganternu@craigslist.org,Male,235.171.160.210,32,14/12/1989
Florina,Babidge,fbabidge72@digg.com,Female,52.46.84.217,25,14/02/1996
Flynn,Zanolli,fzanollich@artisteer.com,Male,215.55.96.103,24,14/08/1997
Francyne,Petrashov,fpetrashova7@cmu.edu,Female,231.209.161.105,25,08/03/1996
Fransisco,Yakuntsov,fyakuntsovl0@dion.ne.jp,Male,131.255.148.205,20,12/12/2001
Frasco,Knapper,fknappermm@google.it,Male,212.137.160.97,36,24/03/1985
Fredek,Scholler,fscholler9s@nih.gov,Male,233.189.3.37,32,20/07/1989
Fredia,Drissell,fdrissellgt@storify.com,Female,172.140.194.196,32,30/10/1989
Fredrika,Blackmuir,fblackmuirmf@senate.gov,Female,142.17.106.138,29,29/12/1992
Freeman,Halvorsen,fhalvorsen8@elpais.com,Male,10.238.235.223,40,01/02/1981
Fremont,Morecombe,fmorecombefm@furl.net,Male,232.9.170.249,41,07/10/1980
Gabriele,Shorten,gshorten4y@nyu.edu,Male,133.32.168.88,42,27/09/1979
Gabriell,Rubinowitz,grubinowitzdl@wp.com,Female,3.170.91.20,19,29/09/2002
Gabriella,Emmet,gemmet3c@howstuffworks.com,Female,248.22.13.58,22,11/05/1999
Gabriello,Friese,gfriese6o@prlog.org,Male,88.115.55.98,33,03/12/1988
Gaile,Cicchelli,gcicchelli8a@reuters.com,Male,12.172.133.114,29,24/01/1992
Gale,Panchen,gpanchenan@pagesperso-orange.fr,Female,207.250.146.142,24,08/07/1997
Gallagher,Smout,gsmouto@nytimes.com,Male,151.180.180.11,22,24/07/1999
Galven,Faulds,gfaulds2o@cam.ac.uk,Male,45.130.139.183,23,12/02/1998
Galven,Vaneev,gvaneev2q@soup.io,Male,57.219.206.191,26,08/02/1995
Garald,Rego,gregofg@friendfeed.com,Male,89.136.36.49,27,01/06/1994
Garner,Whinney,gwhinney47@indiatimes.com,Male,206.221.155.146,31,25/04/1990
Garrott,Dennistoun,gdennistounq9@mysql.com,Male,41.141.163.83,42,04/07/1979
Gaston,Tresvina,gtresvinaa6@sciencedirect.com,Male,123.55.58.111,26,10/08/1995
Gawain,Matusovsky,gmatusovsky6r@imgur.com,Male,203.140.178.255,30,19/09/1991
Gena,Varcoe,gvarcoe1f@blinklist.com,Female,160.251.42.171,36,04/11/1985
Genevieve,Anten,gantenkg@marriott.com,Female,245.19.84.170,34,21/02/1987
Genovera,Whitebrook,gwhitebrook1s@globo.com,Female,160.2.64.78,38,16/04/1983
Georas,Canlin,gcanlinm2@huffingtonpost.com,Male,115.177.104.153,25,11/04/1996
Georgeanna,Butcher,gbutchergo@huffingtonpost.com,Female,159.127.240.36,24,16/05/1997
Georgette,Trustram,gtrustramcy@constantcontact.com,Female,43.68.11.55,39,05/09/1982
Georgianne,Nixon,gnixon34@psu.edu,Female,181.186.85.89,26,02/07/1995
Georgine,Childrens,gchildrens53@t.co,Female,167.27.192.214,28,18/10/1993
Geri,Boniface,gbonifaceja@npr.org,Male,141.91.225.101,21,12/01/2000
Gerry,Goulston,ggoulstoniw@ezinearticles.com,Male,234.254.133.39,20,21/01/2001
Gerti,Kimbling,gkimblingb@webnode.com,Female,53.138.242.162,39,21/08/1982
Gerti,Shenfisch,gshenfisch90@samsung.com,Female,172.213.249.186,38,12/05/1983
Gertrude,Beeswing,gbeeswinggf@sfgate.com,Female,53.162.159.71,36,16/06/1985
Gertrudis,Dunn,gdunnhf@sfgate.com,Female,118.153.200.231,25,09/07/1996
Giacomo,Garrad,ggarrad1w@disqus.com,Male,231.122.193.131,34,08/02/1987
Giffy,Ionn,gionnlk@dagondesign.com,Male,236.80.72.61,22,02/09/1999
Gilbert,Gwalter,ggwalteraj@livejournal.com,Male,13.204.141.251,28,22/11/1993
Gilles,Gutman,ggutmanfp@deliciousdays.com,Male,72.135.83.220,40,22/07/1981
Ginger,Lammerding,glammerdingl1@usa.gov,Male,25.167.149.79,31,28/09/1990
Giordano,Brennand,gbrennandaa@ask.com,Male,110.37.177.13,28,05/10/1993
Giorgio,Ledgeway,gledgewayfw@java.com,Male,149.189.48.146,30,18/05/1991
Giovanna,Stebbing,gstebbingks@biglobe.ne.jp,Female,134.114.101.235,42,01/10/1979
Gizela,Churly,gchurlypx@wsj.com,Female,124.233.158.59,32,22/05/1989
Glen,Huffa,ghuffai0@sciencedirect.com,Female,24.25.182.223,37,21/02/1984
Glenn,Strutton,gstrutton7s@squidoo.com,Male,57.185.47.97,39,16/10/1982
Glyn,Dominichetti,gdominichetti85@google.com.br,Male,125.156.90.33,29,05/08/1992
Glynis,Willimot,gwillimotda@weather.com,Female,205.17.30.42,33,12/08/1988
Goddart,Fitzjohn,gfitzjohnj3@apple.com,Male,105.145.252.68,32,09/11/1989
Gordie,Clint,gclint1l@mit.edu,Male,196.32.160.157,35,12/02/1986
Gradey,Nottle,gnottle5t@wp.com,Male,227.49.33.39,26,06/12/1995
Gran,Woodvine,gwoodvinepf@nyu.edu,Male,35.104.189.25,40,09/09/1981
Granny,McCourtie,gmccourtie7g@hao123.com,Male,86.89.64.16,26,14/05/1995
Grata,Samsin,gsamsin4t@ow.ly,Female,179.237.37.195,20,23/12/2001
Grata,Peniello,gpenielloc7@patch.com,Female,245.166.75.144,33,10/05/1988
Gray,Matula,gmatula2u@mysql.com,Female,222.7.216.88,26,16/11/1995
Gregor,Simounet,gsimounetle@yahoo.com,Male,197.244.182.83,34,15/12/1987
Gregor,Deaconson,gdeaconsonr2@feedburner.com,Male,66.54.245.149,38,29/03/1983
Gregorio,Dabnor,gdabnor3@toplist.cz,Male,102.98.68.20,26,24/12/1995
Griff,Tilio,gtilionm@bluehost.com,Male,35.24.20.150,39,15/05/1982
Griffie,Edkins,gedkinsr@dagondesign.com,Male,48.196.51.181,37,01/09/1984
Griffith,Mattack,gmattackl3@google.com,Male,40.143.82.150,19,06/02/2002
Grissel,Madge,gmadge5f@tinyurl.com,Female,168.175.195.115,27,22/08/1994
Guillaume,Youson,gyouson94@biblegateway.com,Male,190.249.231.142,42,27/03/1979
Guinna,Acland,gaclandhj@webmd.com,Female,254.89.95.242,30,16/11/1991
Gunner,Cox,gcoxkp@studiopress.com,Male,197.84.58.157,33,25/05/1988
Gustaf,Eberz,geberzeg@washingtonpost.com,Male,225.78.89.80,42,02/06/1979
Guthrie,Ducaen,gducaenf7@wikipedia.org,Male,56.5.241.48,26,24/05/1995
Guy,Tie,gtie4m@qq.com,Male,231.169.138.34,19,16/01/2002
Hadleigh,Vasse,hvasse69@nyu.edu,Male,168.90.90.207,21,19/09/2000
Hailee,Otridge,hotridgenr@reverbnation.com,Female,236.220.96.152,27,12/02/1994
Hallsy,Bark,hbarkms@nature.com,Male,79.50.227.62,25,01/10/1996
Hamish,Bonn,hbonnpy@huffingtonpost.com,Male,255.168.9.179,42,30/04/1979
Hanna,Laurencot,hlaurencotk6@youtu.be,Female,38.250.74.246,40,16/07/1981
Harmon,Albrook,halbrookio@theguardian.com,Male,108.213.245.16,20,03/02/2001
Harriette,Conquest,hconquestk4@hao123.com,Female,81.11.50.125,42,23/01/1979
Harriot,Edess,hedessjp@usda.gov,Female,73.19.139.23,22,07/11/1999
Hashim,Roblett,hroblettgj@jalbum.net,Male,239.99.86.165,33,21/12/1988
Heddie,Solman,hsolman6e@china.com.cn,Female,4.68.116.0,33,19/11/1988
Helenka,Abramovicz,habramoviczfc@oracle.com,Female,196.183.7.186,22,01/06/1999
Helga,Dumper,hdumperj8@facebook.com,Female,245.133.132.86,35,05/07/1986
Helsa,Shergold,hshergolddr@ftc.gov,Female,194.249.39.19,37,02/10/1984
Helyn,Tremouille,htremouille4c@photobucket.com,Female,130.204.208.63,27,13/12/1994
Henderson,Lappine,hlappinei5@hibu.com,Male,62.139.7.116,35,29/06/1986
Henri,Clementet,hclementet4d@parallels.com,Male,204.109.233.176,31,09/01/1990
Henrie,Colombier,hcolombierjm@admin.ch,Female,191.233.149.156,29,07/06/1992
Henriette,Hanmore,hhanmorekh@japanpost.jp,Female,196.97.110.179,36,21/11/1985
Hercules,Richard,hrichardrl@mashable.com,Male,107.204.188.27,33,08/02/1988
Hermine,Clemoes,hclemoes9u@instagram.com,Female,146.93.3.242,28,16/11/1993
Hermine,Le Barre,hlebarre9w@fotki.com,Female,123.58.107.224,37,27/03/1984
Hermione,Voden,hvoden4n@dagondesign.com,Female,107.62.195.99,31,21/12/1990
Herschel,Asbery,hasbery2k@disqus.com,Male,164.167.73.109,30,21/07/1991
Hestia,Frigot,hfrigotf2@nydailynews.com,Female,60.117.122.202,40,20/03/1981
Hew,Mullenger,hmullenger1x@netscape.com,Male,222.183.71.92,27,13/05/1994
Hewie,Almond,halmond4k@google.com.hk,Male,235.192.88.37,41,12/05/1980
Hewitt,Rew,hrew5l@behance.net,Male,129.255.92.77,35,07/11/1986
Heywood,Dunlap,hdunlaphn@whitehouse.gov,Male,230.101.107.214,20,04/04/2001
Hobart,Cumming,hcummingd1@oaic.gov.au,Male,102.114.179.84,40,11/09/1981
Hollie,Rosling,hrosling8x@dot.gov,Female,96.212.48.185,33,24/12/1988
Horacio,Battany,hbattanyhz@sina.com.cn,Male,132.212.187.13,23,10/03/1998
Hort,Wickwarth,hwickwarth1o@ed.gov,Male,220.215.75.150,28,25/04/1993
Horten,Litherborough,hlitherboroughkt@springer.com,Male,190.128.143.160,21,15/04/2000
Howard,Hurdedge,hhurdedgeg@a8.net,Male,104.153.105.182,20,19/06/2001
Hubie,Kearey,hkearey59@yolasite.com,Male,150.144.82.123,21,04/11/2000
Humfrey,Cuseck,hcuseck25@slideshare.net,Male,153.162.195.101,27,24/07/1994
Humfrey,Nassi,hnassig4@google.es,Male,59.205.152.255,21,21/10/2000
Hurley,Kenington,hkeningtonbn@psu.edu,Male,145.227.30.65,32,17/06/1989
Husain,Baseggio,hbaseggio63@hibu.com,Male,251.6.134.2,27,15/07/1994
Husein,Tupling,htuplingbd@oracle.com,Male,10.232.138.33,39,11/10/1982
Ibrahim,Scannell,iscannell2f@cpanel.net,Male,9.165.136.125,42,11/03/1979
Ichabod,Schurig,ischurigh6@nasa.gov,Male,4.188.186.15,42,15/02/1979
Ilise,Gethin,igethinin@un.org,Female,203.225.128.247,37,11/04/1984
Inga,Leither,ileither3x@constantcontact.com,Female,91.224.131.81,27,08/09/1994
Ingamar,Burthom,iburthomfl@bloglovin.com,Male,155.241.89.98,24,24/12/1997
Inglis,Lindfors,ilindfors4@wunderground.com,Male,229.167.33.173,21,02/06/2000
Isabel,Crebott,icrebotte4@jugem.jp,Female,23.181.26.39,37,28/11/1984
Isador,D'Elia,idelia3p@discovery.com,Male,18.114.185.104,28,12/09/1993
Issy,Pursglove,ipursglovebj@xing.com,Female,185.193.8.88,39,27/10/1982
Ivie,Brezlaw,ibrezlawna@latimes.com,Female,199.194.159.239,26,16/12/1995
Ivory,Baldung,ibaldunggq@bloglovin.com,Female,97.15.19.89,29,15/10/1992
Jackie,Blewitt,jblewittes@nsw.gov.au,Female,55.44.42.15,21,16/10/2000
Jacquenetta,Mailes,jmailes8l@indiatimes.com,Female,133.28.96.224,39,22/01/1982
Jakie,Bing,jbinger@microsoft.com,Male,115.118.172.137,22,23/10/1999
Jameson,Deluca,jdeluca8i@acquirethisname.com,Male,175.30.88.124,25,03/11/1996
Jami,Weaben,jweabeng0@webeden.co.uk,Female,20.125.74.15,37,01/01/1984
Jamie,Snaddin,jsnaddin2z@ycombinator.com,Female,38.176.160.195,40,16/09/1981
Jan,Griffiths,jgriffithske@mayoclinic.com,Female,194.37.6.10,31,15/08/1990
Jane,Jeal,jjealas@opensource.org,Female,210.34.100.67,41,16/07/1980
Janek,Dewick,jdewickdd@phpbb.com,Male,219.163.16.39,28,18/11/1993
Janella,Rider,jrider5s@altervista.org,Female,137.83.164.251,35,17/07/1986
Janet,Colloff,jcolloff8z@dagondesign.com,Female,111.116.92.228,24,12/03/1997
Jarret,Stainburn,jstainburn4e@netscape.com,Male,95.165.57.17,32,25/11/1989
Jarret,MacAulay,jmacaulayhb@blogger.com,Male,5.198.204.143,25,17/05/1996
Jarvis,McOrkil,jmcorkilfa@google.ru,Male,31.22.43.45,40,15/01/1981
Jase,Frankiss,jfrankissmd@booking.com,Male,179.42.19.76,35,24/09/1986
Jasper,Jannings,jjanningsm0@g.co,Male,251.176.114.132,37,17/06/1984
Jasun,Kensit,jkensit7i@naver.com,Male,44.71.194.43,21,19/01/2000
Javier,O'Fearguise,jofearguise6l@theguardian.com,Male,74.79.87.117,32,24/09/1989
Jay,Castelijn,jcastelijnb4@newyorker.com,Male,231.242.26.152,41,23/06/1980
Jayme,Size,jsize67@google.fr,Female,199.244.120.195,40,26/11/1981
Jaymee,O' Mullane,jomullanemi@alexa.com,Female,180.234.108.74,37,13/02/1984
Jedidiah,Goldes,jgoldes2g@cbsnews.com,Male,43.147.110.60,26,27/11/1995
Jenilee,Dericot,jdericotds@apple.com,Female,178.208.120.187,38,23/06/1983
Jenni,Glyssanne,jglyssanne1a@mashable.com,Female,103.67.69.210,25,13/11/1996
Jerald,Hunnam,jhunnamlt@opensource.org,Male,145.22.23.182,35,22/02/1986
Jeramey,Addis,jaddish0@miibeian.gov.cn,Male,223.248.136.105,32,25/07/1989
Jere,Hackly,jhacklyk2@wisc.edu,Male,60.114.182.39,31,07/08/1990
Jermain,Sibary,jsibaryiz@squidoo.com,Male,90.28.1.114,34,21/01/1987
Jermaine,Cousin,jcousin35@freewebs.com,Female,176.187.10.40,40,11/07/1981
Jerrine,Fery,jfery1c@hugedomains.com,Female,216.229.68.179,23,13/03/1998
Jerrold,Rookesby,jrookesby8j@skyrock.com,Male,246.28.128.15,30,25/12/1991
Jerry,Place,jplaceff@wiley.com,Male,177.165.153.120,41,18/04/1980
Jerry,Dunckley,jdunckleyng@mapquest.com,Male,207.231.203.50,35,01/09/1986
Jessa,Stoneley,jstoneleyig@zdnet.com,Female,213.109.193.222,34,17/11/1987
Jessalyn,Hentzer,jhentzerhs@usgs.gov,Female,75.232.193.247,27,30/12/1994
Jody,Peppard,jpeppardoa@washingtonpost.com,Male,198.73.168.84,42,23/02/1979
Joelie,Brolly,jbrollym3@zimbio.com,Female,179.117.214.152,39,21/11/1982
Johnathan,Maxweell,jmaxweellab@examiner.com,Male,57.154.210.30,26,27/11/1995
Johnathan,Mansour,jmansournz@admin.ch,Male,101.156.145.178,23,27/06/1998
Johnny,Seneschal,jseneschalmt@skyrock.com,Male,158.158.156.229,37,19/01/1984
Joice,Napthine,jnapthinekw@webeden.co.uk,Female,81.204.122.27,34,15/07/1987
Jolie,Pyrah,jpyrahpp@telegraph.co.uk,Female,119.214.194.34,22,18/12/1999
Joscelin,Ferronel,jferronelgy@stanford.edu,Female,207.211.109.240,21,15/10/2000
Josi,Lomansey,jlomansey5r@google.com,Female,248.173.13.198,32,04/07/1989
Jourdain,Selcraig,jselcraigo1@google.de,Male,8.251.223.124,33,24/01/1988
Joy,Easen,jeasen44@booking.com,Female,69.244.213.218,37,17/02/1984
Joyous,Jeffry,jjeffry71@mashable.com,Female,143.183.27.220,30,28/05/1991
Jud,Brayfield,jbrayfield79@sogou.com,Male,1.64.143.221,19,21/02/2002
Judie,Stothert,jstothert2a@squarespace.com,Female,202.206.34.67,19,11/09/2002
Judye,Stockell,jstockell6m@whitehouse.gov,Female,237.237.91.239,29,24/10/1992
Juli,Pischel,jpischel6s@newyorker.com,Female,73.145.69.134,28,21/03/1993
Juliann,Saltman,jsaltman7w@instagram.com,Female,171.150.81.78,30,18/09/1991
Julianna,Troucher,jtroucherob@narod.ru,Female,59.8.202.231,34,14/01/1987
Julie,Buse,jbuseac@dagondesign.com,Female,131.132.59.69,31,21/03/1990
Justina,McPolin,jmcpolinde@baidu.com,Female,215.145.66.243,21,24/10/2000
Justinn,Buckam,jbuckamga@mysql.com,Female,15.65.92.32,30,30/04/1991
Kacy,Billie,kbilliecr@twitter.com,Female,4.15.198.242,37,21/01/1984
Kaitlynn,Berrane,kberraneam@nifty.com,Female,84.140.73.212,26,05/03/1995
Kaitlynn,Killik,kkillikcq@mail.ru,Female,164.163.104.57,29,24/09/1992
Kally,Dearnley,kdearnleycn@rediff.com,Female,182.45.8.141,21,03/03/2000
Kare,Frude,kfrude3f@google.es,Female,36.221.127.224,39,10/12/1982
Karlan,Fouldes,kfouldesla@merriam-webster.com,Male,238.47.62.109,39,12/03/1982
Karlee,Pipet,kpipetfr@uol.com.br,Female,171.182.223.252,30,14/09/1991
Karney,Scobbie,kscobbie7r@independent.co.uk,Male,167.229.240.221,35,11/10/1986
Karol,Rozea,krozeaiv@ucla.edu,Female,45.208.182.88,41,24/04/1980
Karolina,Swyre,kswyrekm@google.co.jp,Female,32.32.113.188,38,01/01/1983
Karoline,Skocroft,kskocroftmp@nba.com,Female,90.168.48.152,42,13/08/1979
Kassia,Rosson,krossonpt@digg.com,Female,239.252.4.176,31,11/04/1990
Katha,Steabler,ksteablerka@issuu.com,Female,214.51.246.198,42,12/04/1979
Katheryn,Road,kroad5g@mail.ru,Female,21.174.109.30,26,25/08/1995
Katheryn,Andrasch,kandrasch6v@taobao.com,Female,193.217.12.179,31,14/11/1990
Katheryn,Dawks,kdawks7n@cbc.ca,Female,205.195.212.93,37,14/03/1984
Katleen,Greep,kgreephr@slate.com,Female,26.171.107.240,39,16/01/1982
Katrinka,Beaby,kbeabya9@loc.gov,Female,227.29.222.39,22,04/07/1999
Katy,Verbeek,kverbeekly@51.la,Female,8.205.199.245,32,10/03/1989
Kay,Calcut,kcalcut1d@cnet.com,Female,25.189.75.55,22,05/12/1999
Keary,Smout,ksmouthm@noaa.gov,Male,194.41.252.58,33,29/04/1988
Keary,Sandiland,ksandilandow@altervista.org,Male,254.83.186.25,21,19/06/2000
Kellen,Prinnett,kprinnettd5@census.gov,Female,177.100.12.195,39,16/02/1982
Kellina,Van Der Weedenburg,kvanderweedenburgc3@homestead.com,Female,89.34.57.153,32,03/11/1989
Kellina,MacIntyre,kmacintyrerp@europa.eu,Female,24.225.143.31,28,03/01/1993
Kelly,Lighton,klightonf@exblog.jp,Female,216.119.132.60,19,01/05/2002
Kelly,Millen,kmillenkz@cam.ac.uk,Male,22.196.186.254,39,15/07/1982
Kelsey,Gofforth,kgofforth82@vimeo.com,Male,199.31.53.92,28,17/11/1993
Kendricks,Louw,klouwfi@apache.org,Male,6.172.41.106,21,17/05/2000
Kennedy,Mussared,kmussaredp2@last.fm,Male,136.219.90.13,36,18/04/1985
Kenny,Furmonger,kfurmongercm@friendfeed.com,Male,58.105.92.216,39,07/11/1982
Ker,Wignall,kwignall3v@discovery.com,Male,155.227.109.182,36,30/10/1985
Keri,Scrase,kscraseo0@mail.ru,Female,102.188.54.75,29,21/05/1992
Kesley,MacCurley,kmaccurley5p@walmart.com,Female,112.180.232.38,20,09/04/2001
Ketty,Airs,kairs9m@sogou.com,Female,4.32.243.118,19,30/05/2002
Killian,Brise,kbrise43@apple.com,Male,230.234.251.196,21,14/01/2000
Kimmy,Cisneros,kcisnerosp4@hubpages.com,Female,86.61.199.212,30,02/03/1991
Kipper,Kas,kkasmb@uiuc.edu,Male,232.191.139.69,33,15/12/1988
Kira,Hoyte,khoytejh@opensource.org,Female,176.82.132.3,20,10/07/2001
Kizzie,Durbridge,kdurbridgedn@friendfeed.com,Female,71.55.178.147,32,30/06/1989
Klara,Symones,ksymoneshi@ox.ac.uk,Female,151.3.44.96,35,21/04/1986
Kliment,Catcheside,kcatcheside1y@yale.edu,Male,82.81.122.169,38,25/04/1983
Kliment,Tezure,ktezurec6@bbb.org,Male,55.223.139.140,21,26/04/2000
Konstanze,Deaton,kdeaton7x@i2i.jp,Female,57.198.126.128,19,29/12/2002
Krishna,MacDunleavy,kmacdunleavy9@amazonaws.com,Male,41.61.234.166,35,17/01/1986
Krissie,Crayke,kcrayke4l@google.co.jp,Female,90.202.139.228,38,29/07/1983
Kristal,McDowall,kmcdowall6t@naver.com,Female,158.40.78.194,41,06/01/1980
Kristel,Knowling,kknowlingc8@bravesites.com,Female,132.160.114.120,19,19/09/2002
Kristi,Scamal,kscamalfd@google.com.hk,Female,25.178.9.9,24,13/02/1997
Kristin,Drane,kdraneo7@ovh.net,Female,165.91.31.38,37,10/08/1984
Krystle,Fisher,kfisherni@lulu.com,Female,73.139.215.22,31,25/08/1990
Lamar,Killford,lkillfordia@house.gov,Male,142.225.76.238,26,07/02/1995
Lamond,Farherty,lfarhertybr@gravatar.com,Male,63.21.183.253,21,17/05/2000
Lancelot,Buttwell,lbuttwelli9@comsenz.com,Male,107.242.25.158,22,12/08/1999
Land,Coase,lcoasekx@examiner.com,Male,158.154.218.28,34,26/10/1987
Lara,Pengilley,lpengilley3d@free.fr,Female,105.144.28.106,41,21/02/1980
Larina,Goodliff,lgoodliffbp@noaa.gov,Female,71.103.235.54,37,08/08/1984
Laurice,Freke,lfreke84@google.cn,Female,128.195.153.242,41,18/11/1980
Laurie,Robillart,lrobillartgu@auda.org.au,Male,150.191.79.44,19,07/01/2002
Lawton,Awcoate,lawcoatekv@shop-pro.jp,Male,202.117.59.133,22,03/12/1999
Layton,Cope,lcopeid@google.co.uk,Male,79.98.185.217,40,07/09/1981
Leela,McCuish,lmccuishli@merriam-webster.com,Female,83.247.47.242,31,17/08/1990
Leeland,Caygill,lcaygillmq@marriott.com,Male,164.238.215.26,39,04/11/1982
Leia,Duerden,lduerdenfn@jalbum.net,Female,42.172.59.38,19,25/03/2002
Lennie,Iseton,liseton6n@oakley.com,Male,84.228.108.27,24,17/01/1997
Lenore,Lowings,llowings88@usnews.com,Female,152.232.133.48,35,28/11/1986
Lenore,Coode,lcoodepr@ameblo.jp,Female,161.29.151.23,36,13/03/1985
Leonanie,Flux,lfluxlg@cisco.com,Female,111.74.137.3,21,18/02/2000
Leonardo,Lagen,llagen33@pbs.org,Male,110.37.197.62,30,08/08/1991
Leroy,Redwall,lredwall20@tripadvisor.com,Male,219.203.31.8,37,21/12/1984
Lesya,Whiff,lwhiffjc@ucsd.edu,Female,41.234.161.59,42,11/04/1979
Lettie,Tutill,ltutilll4@tumblr.com,Female,80.218.35.154,38,15/06/1983
Lew,Calleja,lcalleja68@jugem.jp,Male,200.94.185.80,33,23/07/1988
Lexy,Lenaghen,llenagheng8@state.tx.us,Female,170.61.149.144,19,31/07/2002
Leyla,Klus,lklusln@howstuffworks.com,Female,144.149.124.245,41,06/04/1980
Lia,Henrichsen,lhenrichsenog@arizona.edu,Female,2.66.64.6,36,01/12/1985
Libby,McMyler,lmcmyler7d@arstechnica.com,Female,244.235.188.56,38,14/08/1983
Licha,Gude,lgudeeu@meetup.com,Female,21.106.21.207,36,17/02/1985
Lil,Dallimore,ldallimore64@earthlink.net,Female,127.9.142.185,24,27/08/1997
Lincoln,Legerton,llegertonci@sun.com,Male,59.247.62.182,34,04/08/1987
Lindon,Visco,lviscoak@icq.com,Male,23.15.181.243,37,02/03/1984
Link,Barrowcliff,lbarrowcliffjd@biblegateway.com,Male,178.93.206.158,20,13/03/2001
Linnell,Clough,lcloughdm@list-manage.com,Female,118.245.135.124,25,31/10/1996
Linoel,Sutherby,lsutherbynn@de.vu,Male,91.191.3.185,22,03/08/1999
Lionel,Fancet,lfancetht@foxnews.com,Male,97.192.144.255,31,10/04/1990
Lionello,Klink,lklink75@myspace.com,Male,63.67.140.211,31,21/05/1990
Lisa,Burkitt,lburkittah@washingtonpost.com,Female,206.186.244.85,29,24/03/1992
Lisette,Simounet,lsimounet6y@odnoklassniki.ru,Female,19.255.231.88,24,09/05/1997
Lisha,Ferne,lferne3s@fc2.com,Female,139.254.21.244,39,04/06/1982
Lita,Pollie,lpolliee0@usatoday.com,Female,34.122.6.176,24,17/11/1997
Livy,Pennington,lpenningtonim@histats.com,Female,96.205.220.73,36,20/05/1985
Lolly,Shambrooke,lshambrookee3@nifty.com,Female,12.201.232.9,28,17/05/1993
Lorant,Worrill,lworrillfu@bluehost.com,Male,5.221.29.167,25,28/07/1996
Lorilyn,Probets,lprobetsf0@ed.gov,Female,65.133.93.120,40,12/06/1981
Lorri,Tingly,ltingly7h@imgur.com,Female,117.219.249.247,35,17/06/1986
Lorri,Rising,lrisingoq@statcounter.com,Female,2.83.200.19,41,03/11/1980
Lotti,Tuck,ltucka3@virginia.edu,Female,100.184.182.71,39,21/10/1982
Lotty,Villa,lvillac@dmoz.org,Female,98.103.47.175,38,29/05/1983
Louisa,Radke,lradkeo4@is.gd,Female,85.89.10.244,27,10/03/1994
Loy,Emmet,lemmet29@exblog.jp,Male,27.66.13.173,24,06/08/1997
Loy,O'Cannan,locannanic@epa.gov,Male,252.216.12.179,26,18/12/1995
Loydie,Tremolieres,ltremoliereskc@dyndns.org,Male,24.175.42.173,32,17/10/1989
Lu,Megahey,lmegaheyl@lycos.com,Female,254.112.85.165,20,02/05/2001
Lu,Lismore,llismoreov@cdbaby.com,Female,77.58.152.152,35,30/06/1986
Lucila,Gostage,lgostagez@skyrock.com,Female,157.94.140.131,36,03/01/1985
Lucius,Rapley,lrapleyqd@mapquest.com,Male,37.121.12.189,41,08/10/1980
Ludovika,Rollason,lrollasonp5@icio.us,Female,55.39.79.38,39,22/04/1982
Luisa,Tatlowe,ltatlowe6g@digg.com,Female,8.148.81.163,30,01/07/1991
Lulu,Ewbach,lewbachm@berkeley.edu,Female,210.84.135.202,21,24/05/2000
Lyndell,Sach,lsachi1@gmpg.org,Female,56.16.227.103,24,03/02/1997
Lyndsay,Muckeen,lmuckeenm5@biglobe.ne.jp,Female,109.43.217.75,20,13/09/2001
Lyndsey,Churn,lchurnha@fda.gov,Female,233.101.77.228,35,09/03/1986
Lyssa,Dearnaly,ldearnalyn4@amazon.co.jp,Female,50.196.218.38,30,28/01/1991
Mabel,Stain,mstain4q@wikispaces.com,Female,27.177.121.91,21,08/01/2000
Maddy,Di Giacomo,mdigiacomo3t@pinterest.com,Male,33.106.32.35,31,03/06/1990
Madella,Hollington,mhollingtonby@illinois.edu,Female,139.97.171.59,20,03/08/2001
Madelon,Casoni,mcasonick@lulu.com,Female,227.4.50.155,30,12/01/1991
Madonna,Deakin,mdeakin3l@timesonline.co.uk,Female,198.111.115.123,23,19/11/1998
Maggie,Rigardeau,mrigardeaue8@google.com.hk,Female,135.224.93.227,36,02/09/1985
Maible,Lepick,mlepickju@latimes.com,Female,127.44.228.79,39,10/08/1982
Maible,Ruffell,mruffellqm@nationalgeographic.com,Female,144.200.47.90,40,21/01/1981
Mal,Bratley,mbratleyn3@economist.com,Male,148.211.189.9,41,20/04/1980
Malcolm,Bowe,mbowet@prnewswire.com,Male,91.201.229.56,41,12/02/1980
Malcolm,Crich,mcrich93@time.com,Male,182.131.117.240,39,18/08/1982
Mallorie,Semrad,msemrad2t@theguardian.com,Female,64.155.204.253,38,27/03/1983
Manolo,Balchin,mbalchin31@jigsy.com,Male,67.53.134.225,30,07/02/1991
Manya,Goodanew,mgoodanew6h@github.io,Female,231.225.4.107,41,09/12/1980
Marcy,Loynton,mloyntonm9@seesaa.net,Female,243.52.246.35,36,08/08/1985
Marena,Crosoer,mcrosoerox@patch.com,Female,108.187.237.220,21,20/06/2000
Margarette,Charlewood,mcharlewoodfs@nsw.gov.au,Female,224.194.71.115,33,17/10/1988
Maria,Caller,mcaller98@marketwatch.com,Female,213.106.245.69,29,21/02/1992
Marianna,Yeo,myeoe9@nyu.edu,Female,93.209.252.216,33,06/05/1988
Marigold,Larkin,mlarkinqp@altervista.org,Female,76.81.182.104,39,14/05/1982
Marion,Jimson,mjimsonoo@chicagotribune.com,Female,59.219.249.6,34,24/05/1987
Marlena,Laye,mlayelc@i2i.jp,Female,173.202.213.187,36,22/06/1985
Marlin,Liversedge,mliversedgeku@creativecommons.org,Male,156.198.148.202,30,19/11/1991
Marsh,Gillitt,mgillitt1b@ucoz.ru,Male,92.192.162.173,30,02/01/1991
Maryann,Jirek,mjireklw@nps.gov,Female,181.83.70.24,38,02/09/1983
Masha,Blodgetts,mblodgetts1t@squarespace.com,Female,171.245.40.12,24,10/07/1997
Mason,Bowery,mbowery66@apple.com,Male,25.17.100.29,26,08/03/1995
Mateo,Goring,mgoring8u@miibeian.gov.cn,Male,3.182.11.196,25,03/05/1996
Mathian,Khalid,mkhalidqc@independent.co.uk,Male,39.77.196.255,41,11/01/1980
Mathilde,Aleksashin,maleksashinro@rakuten.co.jp,Female,133.120.6.124,22,20/01/1999
Matthiew,Seiler,mseiler9k@dedecms.com,Male,193.159.9.150,26,10/06/1995
Matthiew,Lean,mleanm8@bbc.co.uk,Male,117.70.204.241,41,17/06/1980
Matti,Farlane,mfarlane8b@moonfruit.com,Female,77.76.25.122,39,13/08/1982
Maurita,Giddings,mgiddingso9@imdb.com,Female,0.77.203.55,42,01/12/1979
Mavis,Hearty,mheartygk@aol.com,Female,45.80.137.180,35,02/07/1986
Maxie,Feedome,mfeedomee2@wsj.com,Female,229.127.110.92,37,31/01/1984
Maxwell,Linnock,mlinnockce@ask.com,Male,56.205.35.189,28,11/08/1993
Meggi,Boolsen,mboolsen1r@google.de,Female,255.132.63.51,23,20/09/1998
Meir,Augustin,maugustinit@vk.com,Male,210.137.2.79,29,02/12/1992
Melamie,Kedslie,mkedslieqo@instagram.com,Female,229.140.152.219,26,05/12/1995
Melantha,Sparey,mspareylr@google.fr,Female,38.15.144.206,35,27/05/1986
Melany,Bardnam,mbardnamk0@who.int,Female,167.216.135.96,31,27/05/1990
Melinda,Janks,mjanks8p@telegraph.co.uk,Female,160.245.213.48,31,09/10/1990
Melisa,Speechly,mspeechlyqx@theatlantic.com,Female,227.172.97.181,31,31/01/1990
Melisandra,Scruton,mscrutoncf@springer.com,Female,209.124.13.110,38,26/07/1983
Melli,De La Salle,mdelasalleg2@alibaba.com,Female,37.132.205.181,39,11/10/1982
Melody,Colwell,mcolwell8w@eventbrite.com,Female,214.53.237.105,21,12/08/2000
Melvyn,Lillow,mlillowir@taobao.com,Male,114.201.108.197,42,02/09/1979
Meredeth,Turfin,mturfin15@deliciousdays.com,Male,42.41.25.147,31,15/04/1990
Meredeth,Oxlade,moxladekr@examiner.com,Male,47.150.204.140,21,02/07/2000
Meris,Penna,mpenna9d@icq.com,Female,130.149.83.243,29,09/12/1992
Merl,Zeale,mzealerg@dot.gov,Female,34.227.229.208,27,12/05/1994
Merrili,Gulliver,mgullivereh@elegantthemes.com,Female,193.10.36.186,40,16/03/1981
Michale,Worboy,mworboyhq@dailymotion.com,Male,236.51.221.40,23,08/08/1998
Michel,Batty,mbattyqe@angelfire.com,Male,61.32.165.226,41,19/05/1980
Michele,Faragan,mfaragani4@ameblo.jp,Female,248.131.34.34,28,27/03/1993
Mickie,Sandham,msandham38@pbs.org,Male,147.106.238.243,37,29/11/1984
Micky,Temlett,mtemlettou@ifeng.com,Male,200.183.240.190,21,20/04/2000
Miguel,Macguire,mmacguirebs@comsenz.com,Male,165.192.109.51,41,19/12/1980
Mikaela,Benardette,mbenardette3h@xing.com,Female,156.219.19.62,39,22/10/1982
Milzie,Burlingame,mburlingame26@bandcamp.com,Female,71.126.52.20,21,15/05/2000
Miner,Botha,mbotha7y@wired.com,Male,207.234.246.185,41,21/02/1980
Mirabella,Tibbotts,mtibbottsqy@house.gov,Female,117.53.212.159,22,15/03/1999
Miranda,Peake,mpeakeax@princeton.edu,Female,148.21.199.213,23,25/05/1998
Missie,Bracknall,mbracknallhe@blogs.com,Female,42.213.48.196,31,30/05/1990
Mitchael,Pellingar,mpellingar5k@unicef.org,Male,134.7.99.10,31,10/10/1990
Mitchell,Harryman,mharrymanav@barnesandnoble.com,Male,92.133.19.208,25,05/05/1996
Mitzi,Dunseith,mdunseithcs@1688.com,Female,87.195.197.179,41,01/06/1980
Moe,Chetwin,mchetwin9n@dailymotion.com,Male,156.110.226.199,22,18/05/1999
Moina,Manuely,mmanuely8e@vkontakte.ru,Female,133.77.99.1,29,23/09/1992
Moise,Witheridge,mwitheridgeoi@paginegialle.it,Male,162.28.24.235,36,26/07/1985
Moises,Jenkins,mjenkinscp@google.com.hk,Male,97.156.199.119,42,20/08/1979
Moll,Wessel,mwessele5@ucoz.com,Female,21.149.136.157,34,07/09/1987
Mollee,Willson,mwillsondy@nature.com,Female,21.40.0.205,19,09/01/2002
Morley,Matiebe,mmatiebeep@cnn.com,Male,75.133.192.210,19,23/02/2002
Muffin,Kittow,mkittowcx@deviantart.com,Female,253.159.242.220,39,02/10/1982
Munroe,Degoey,mdegoey3k@ox.ac.uk,Male,203.199.253.151,42,01/01/1979
Mureil,Benedidick,mbenedidick9o@indiegogo.com,Female,50.26.162.98,30,07/05/1991
Myriam,Bruyett,mbruyettae@ycombinator.com,Female,164.128.51.121,25,29/09/1996
Myrtle,Jozwik,mjozwik4o@prnewswire.com,Female,55.156.210.220,30,30/07/1991
Nadya,Clackson,nclacksonp3@baidu.com,Female,177.241.66.238,30,21/01/1991
Nana,Hosburn,nhosburnm6@desdev.cn,Female,17.101.115.255,23,10/12/1998
Napoleon,Winborn,nwinborncl@apple.com,Male,84.15.145.127,35,08/04/1986
Nata,Wilson,nwilson9r@digg.com,Female,105.167.222.107,32,03/01/1989
Natalie,Goodding,ngoodding2e@plala.or.jp,Female,130.30.236.207,40,31/03/1981
Nathalie,McNuff,nmcnuffgr@pen.io,Female,215.120.68.225,40,25/01/1981
Neal,McClenaghan,nmcclenaghan5b@columbia.edu,Male,1.6.172.106,33,31/01/1988
Neale,Tebbett,ntebbett5y@upenn.edu,Male,225.42.3.71,21,08/03/2000
Neile,Gallyon,ngallyonej@paginegialle.it,Female,181.148.101.231,36,14/07/1985
Neill,Housley,nhousley3y@wordpress.com,Male,149.40.93.24,38,22/07/1983
Nelli,Tomlins,ntomlinsr7@shutterfly.com,Female,87.254.234.39,39,13/12/1982
Nester,Ganley,nganleyw@miibeian.gov.cn,Male,240.147.231.79,25,30/07/1996
Nettle,Castillo,ncastilloqh@ed.gov,Female,45.191.235.88,40,14/01/1981
Nev,Baistow,nbaistownf@dailymail.co.uk,Male,6.81.50.163,20,30/11/2001
Nevil,Volant,nvolantb1@samsung.com,Male,120.198.196.69,20,05/07/2001
Nevins,Bathow,nbathowr1@nymag.com,Male,97.217.100.40,19,25/10/2002
Niall,Pail,npailqf@ning.com,Male,71.10.190.72,39,13/05/1982
Nicholas,Skoate,nskoate3j@slate.com,Male,13.88.56.8,22,28/09/1999
Nicola,Paydon,npaydondg@wunderground.com,Male,145.217.202.240,36,08/11/1985
Nicola,Newburn,nnewburnkd@hibu.com,Male,57.117.95.136,26,24/03/1995
Niel,Cranstone,ncranstoney@tripod.com,Male,106.217.31.43,39,04/10/1982
Nikolaos,Yell,nyell6k@odnoklassniki.ru,Male,18.33.24.163,36,01/08/1985
Nils,Fairburn,nfairburn48@va.gov,Male,44.80.51.188,39,30/05/1982
Nina,Sonnenschein,nsonnenschein32@php.net,Female,227.242.192.137,26,18/02/1995
Nissa,McKmurrie,nmckmurriehl@tmall.com,Female,220.125.41.126,23,16/06/1998
Noami,Mankor,nmankor45@irs.gov,Female,55.62.223.87,34,05/02/1987
Noe,Zanardii,nzanardiiof@cnbc.com,Male,178.230.65.215,22,09/03/1999
Noelle,Marklin,nmarklinnw@flavors.me,Female,158.100.23.220,22,09/06/1999
Nola,Oby,noby4g@jalbum.net,Female,140.129.96.239,38,07/06/1983
Nola,Gligorijevic,ngligorijevicld@spiegel.de,Female,178.10.250.44,30,09/12/1991
Norman,Raselles,nrasellesgx@purevolume.com,Male,131.89.241.226,19,23/12/2002
Norman,Doog,ndoogoc@about.com,Male,93.211.203.7,34,26/10/1987
Odelle,Djorevic,odjorevicqt@booking.com,Female,105.94.243.175,22,06/02/1999
Odille,Bolley,obolley37@issuu.com,Female,83.205.29.119,28,13/10/1993
Odille,Klimke,oklimkehk@free.fr,Female,109.183.234.72,31,14/04/1990
Olag,Seally,oseally17@sciencedaily.com,Male,123.63.71.56,35,06/02/1986
Oliver,Blanko,oblankoq0@geocities.com,Male,199.22.133.138,41,16/08/1980
Olivero,Chrystie,ochrystiejx@webmd.com,Male,47.131.146.74,40,03/11/1981
Olivette,Petch,opetchoe@noaa.gov,Female,177.12.167.237,38,19/06/1983
Olivier,Shireff,oshireffag@shinystat.com,Male,51.139.210.149,28,20/08/1993
Ollie,Saldler,osaldlerip@youku.com,Male,160.173.224.13,35,29/03/1986
Onfroi,Chessell,ochessell99@jigsy.com,Male,47.177.205.110,40,01/06/1981
Oran,Scopham,oscophamgm@time.com,Male,236.215.44.36,40,19/04/1981
Orion,MacIntosh,omacintoshho@auda.org.au,Male,11.183.161.124,40,26/09/1981
Otha,Lorent,olorentis@shareasale.com,Female,251.90.83.228,42,21/12/1979
Othello,Cockarill,ocockarillr8@netscape.com,Male,86.148.217.149,23,07/06/1998
Pall,Flintuff,pflintuffpz@bing.com,Male,120.107.46.201,35,10/11/1986
Paola,Kerin,pkerinb8@pcworld.com,Female,80.128.130.174,42,23/06/1979
Paten,Vallens,pvallensk9@xrea.com,Male,103.109.130.106,21,22/12/2000
Patrizius,Pedwell,ppedwellie@sfgate.com,Male,180.63.87.250,23,31/07/1998
Patton,Cashford,pcashfordik@wp.com,Male,224.64.229.64,24,28/01/1997
Paul,Girkins,pgirkinsec@chronoengine.com,Male,165.234.108.28,32,19/04/1989
Pavlov,Skayman,pskaymanem@ehow.com,Male,136.11.180.85,35,05/04/1986
Paxton,Mungan,pmungan95@mtv.com,Male,167.156.207.140,22,19/01/1999
Pearline,Kubalek,pkubaleken@sciencedaily.com,Female,70.238.175.223,22,26/09/1999
Peggi,Brackpool,pbrackpoolge@bravesites.com,Female,214.235.111.13,28,11/06/1993
Pepe,Dohr,pdohrm7@reddit.com,Male,132.152.37.162,28,26/11/1993
Percy,Ghent,pghentmw@mlb.com,Male,203.121.121.109,25,07/12/1996
Petronella,Alan,palandv@trellian.com,Female,6.223.116.177,23,16/12/1998
Phedra,Lanchberry,planchberryf3@twitter.com,Female,219.232.61.186,41,25/05/1980
Pia,Neild,pneildqq@earthlink.net,Female,2.167.104.32,24,29/09/1997
Pietrek,Bardsley,pbardsleycu@so-net.ne.jp,Male,223.90.178.118,21,25/03/2000
Port,Dongate,pdongate2i@yahoo.com,Male,202.165.13.173,19,24/06/2002
Port,Relton,preltoni2@stumbleupon.com,Male,165.112.128.83,26,07/09/1995
Porter,Arniz,parniz7v@va.gov,Male,35.219.179.21,20,20/05/2001
Poul,Gulk,pgulkdc@eepurl.com,Male,233.197.212.108,35,10/01/1986
Pren,Wegman,pwegmanq8@go.com,Male,56.155.161.118,39,16/03/1982
Prinz,Barnard,pbarnardpl@unicef.org,Male,83.95.26.151,26,23/12/1995
Priscilla,McMickan,pmcmickan5m@eventbrite.com,Female,26.99.41.172,32,22/12/1989
Quill,Bonson,qbonsonnq@cocolog-nifty.com,Male,226.121.73.84,30,25/05/1991
Quillan,Roache,qroacherh@home.pl,Male,193.141.13.42,32,01/08/1989
Quincy,Bambridge,qbambridgek3@ycombinator.com,Male,206.222.47.93,24,26/02/1997
Quinta,Ballston,qballstondh@smugmug.com,Female,117.34.127.225,31,06/10/1990
Rafa,Tink,rtinkeq@instagram.com,Female,184.102.1.82,34,04/01/1987
Raff,Yegorovnin,ryegorovninlb@de.vu,Male,231.198.176.106,37,29/07/1984
Ralina,Avent,ravent5o@nih.gov,Female,116.126.58.255,36,30/10/1985
Randa,McKue,rmckueq4@whitehouse.gov,Female,160.148.77.247,30,20/08/1991
Randal,Clapp,rclappi3@webmd.com,Male,36.125.135.79,36,11/02/1985
Randy,Pech,rpech70@privacy.gov.au,Male,70.67.6.230,26,12/11/1995
Rania,Siberry,rsiberryfe@yahoo.com,Female,0.98.191.32,39,25/08/1982
Ranna,Matschek,rmatschekql@paypal.com,Female,246.89.144.183,25,09/06/1996
Rasla,Fontes,rfontesmx@bbb.org,Female,151.103.191.246,25,24/08/1996
Ray,Carruth,rcarruthb9@umich.edu,Male,248.235.240.202,42,18/12/1979
Raynard,Arkell,rarkelld7@sciencedaily.com,Male,90.142.79.185,31,03/08/1990
Rebbecca,Pilsbury,rpilsbury22@soundcloud.com,Female,246.85.23.22,39,03/03/1982
Reggi,Mesnard,rmesnard4p@rakuten.co.jp,Female,157.133.151.4,25,31/08/1996
Remington,Crumb,rcrumbcc@themeforest.net,Male,181.74.23.117,32,02/03/1989
Renado,Maletratt,rmaletrattq1@phpbb.com,Male,87.58.11.129,30,23/06/1991
Renae,Eskriet,reskriet9p@networkadvertising.org,Female,134.93.52.87,40,06/10/1981
Renard,Macey,rmaceyca@virginia.edu,Male,62.193.241.23,29,25/09/1992
Renato,de Pinna,rdepinna7@phpbb.com,Male,72.112.91.169,31,02/05/1990
Renee,Matthieson,rmatthieson6q@hugedomains.com,Female,68.143.79.163,22,30/06/1999
Rex,MacPhaden,rmacphadenft@sbwire.com,Male,107.194.169.121,31,17/03/1990
Rey,Doogan,rdooganjw@java.com,Female,12.34.145.59,37,10/05/1984
Reynard,Eccleshare,recclesharebe@npr.org,Male,205.220.146.195,30,29/04/1991
Rhetta,Ghidini,rghidinibc@who.int,Female,39.249.6.73,27,08/05/1994
Ricca,Godthaab,rgodthaab5u@europa.eu,Female,200.12.20.76,34,13/02/1987
Riccardo,Trower,rtrower76@edublogs.org,Male,28.148.182.178,35,15/01/1986
Ricky,Andriolli,randriolliay@accuweather.com,Female,117.244.230.64,41,09/10/1980
Ricky,Clay,rclaybg@uiuc.edu,Female,230.74.165.239,38,29/05/1983
Rivy,Laver,rlaverlf@wisc.edu,Female,8.31.47.167,20,14/05/2001
Robby,Vicar,rvicarc4@trellian.com,Male,237.245.35.59,19,17/06/2002
Roberta,Piggford,rpiggfordeo@seattletimes.com,Female,61.90.152.10,42,30/01/1979
Roberta,Robichon,rrobichonlj@dailymotion.com,Female,237.200.128.175,34,20/04/1987
Robinetta,Sherborne,rsherborne97@mozilla.org,Female,251.116.244.82,40,31/07/1981
Roddy,Carletto,rcarletto7u@newyorker.com,Male,110.71.60.4,24,03/01/1997
Rodi,Spensly,rspensly6c@irs.gov,Female,58.157.221.78,33,01/05/1988
Rodrique,Mates,rmatesnj@google.ca,Male,32.238.199.243,19,25/07/2002
Roman,Outhwaite,routhwaited6@dailymail.co.uk,Male,118.82.31.135,24,07/06/1997
Romonda,Doniso,rdoniso9h@state.gov,Female,61.136.184.154,23,20/03/1998
Ronni,Janjusevic,rjanjusevicrk@bizjournals.com,Female,208.23.44.190,32,24/04/1989
Ronny,Riba,rribaaw@php.net,Female,23.193.220.155,20,16/12/2001
Rosco,Everal,reveraljj@php.net,Male,9.201.46.83,32,31/12/1989
Rosemary,Gerholz,rgerholz4w@eepurl.com,Female,61.27.73.54,42,20/12/1979
Rosie,Leng,rlengl5@va.gov,Female,19.246.93.29,29,05/11/1992
Row,Szymanek,rszymanekme@csmonitor.com,Female,88.173.126.105,32,28/04/1989
Roxanne,Peller,rpellerpv@cyberchimps.com,Female,60.150.149.140,36,03/04/1985
Roxi,Latliff,rlatliff49@instagram.com,Female,105.6.226.217,37,22/06/1984
Roy,Brotherton,rbrotherton50@noaa.gov,Male,88.95.138.133,38,02/12/1983
Roy,Gauler,rgaulerjn@blogspot.com,Male,212.10.167.140,36,08/10/1985
Rozele,Wrates,rwratesfj@scientificamerican.com,Female,241.180.54.189,30,03/04/1991
Rubi,Tomlinson,rtomlinsonj6@state.tx.us,Female,50.50.93.60,20,04/10/2001
Rudyard,Gaunter,rgaunterf1@theguardian.com,Male,119.168.195.238,24,11/11/1997
Ruthann,Craister,rcraister36@com.com,Female,183.71.32.117,27,28/06/1994
Ruthe,Brooksbank,rbrooksbankfq@xrea.com,Female,174.142.30.235,20,06/07/2001
Ruthi,Rispine,rrispinep9@sciencedirect.com,Female,33.60.86.41,19,30/08/2002
Ruttger,McRinn,rmcrinnbk@state.tx.us,Male,252.119.140.14,23,17/03/1998
Ruy,Quadling,rquadlingrr@nbcnews.com,Male,31.7.155.128,26,24/03/1995
Ryan,Purshouse,rpurshousea4@over-blog.com,Male,49.170.54.5,21,03/05/2000
Rycca,Higounet,rhigounetn2@time.com,Female,6.183.134.144,32,15/11/1989
Sabrina,Tieman,stiemans@macromedia.com,Female,225.161.213.27,33,06/10/1988
Sada,Tebbe,stebbee@washingtonpost.com,Female,88.113.244.26,24,31/03/1997
Sadye,Le Marquand,slemarquand16@1688.com,Female,71.197.52.235,40,24/05/1981
Sandie,Ansett,sansettil@example.com,Female,92.252.142.185,21,07/02/2000
Sandra,Druery,sdrueryaz@hatena.ne.jp,Female,170.120.5.143,36,04/03/1985
Sascha,Gillinghams,sgillinghamsnl@msn.com,Male,22.60.172.31,42,20/05/1979
Sauncho,Colqueran,scolquerangs@squarespace.com,Male,93.160.218.194,31,02/06/1990
Saunderson,Revie,srevie2x@technorati.com,Male,110.86.115.129,41,12/05/1980
Saxe,Saterthwait,ssaterthwaitb0@myspace.com,Male,9.135.14.176,24,25/01/1997
Sebastiano,McCready,smccreadyiq@comcast.net,Male,61.46.139.208,42,09/04/1979
Seline,Nealey,snealey51@usgs.gov,Female,97.184.89.11,23,31/05/1998
Shae,Geldart,sgeldartbi@google.it,Male,147.180.57.70,25,18/01/1996
Shalna,Dine-Hart,sdinehartek@e-recht24.de,Female,101.199.150.61,40,17/06/1981
Shani,Woolger,swoolgeror@noaa.gov,Female,184.148.19.145,23,27/06/1998
Shanie,Wyne,swynebu@yahoo.co.jp,Female,106.228.229.130,36,24/02/1985
Shannan,Farland,sfarlandno@issuu.com,Male,188.252.91.172,37,24/03/1984
Shayne,Tremellan,stremellan3g@nsw.gov.au,Female,224.13.40.102,37,25/02/1984
Shea,Gully,sgullylv@cargocollective.com,Male,218.227.103.241,29,11/04/1992
Sheelagh,Southway,ssouthway1p@harvard.edu,Female,225.27.24.221,26,26/02/1995
Sheena,Vickress,svickressnd@google.com.au,Female,130.250.41.15,39,19/04/1982
Sheffie,Malia,smaliagw@uol.com.br,Male,202.99.3.166,36,14/05/1985
Shelley,Powter,spowter7p@apple.com,Female,120.230.183.91,34,12/06/1987
Shena,Emanueli,semanueli91@slate.com,Female,142.160.20.93,20,07/12/2001
Sheppard,Tebbit,stebbitbt@microsoft.com,Male,234.0.82.37,34,15/05/1987
Sheree,Cussen,scussenbq@alibaba.com,Female,209.44.231.245,31,31/10/1990
Sherman,Marfell,smarfell3m@epa.gov,Male,254.27.121.183,31,17/08/1990
Shermie,Blincowe,sblincowebv@issuu.com,Male,139.78.53.18,42,03/08/1979
Shirlene,Shellibeer,sshellibeer61@cnbc.com,Female,126.52.218.233,38,16/10/1983
Shoshana,Iannazzi,siannazzihu@harvard.edu,Female,194.177.222.243,27,16/03/1994
Sibilla,Yair,syair8o@businessinsider.com,Female,222.134.75.74,19,26/10/2002
Sidoney,Jerrim,sjerrimq2@economist.com,Female,160.66.164.129,39,25/12/1982
Sigismond,Beeching,sbeeching5x@state.gov,Male,117.20.242.159,26,03/03/1995
Sigrid,Pockett,spockettjz@gizmodo.com,Female,29.215.19.98,34,02/10/1987
Sigvard,Sutherley,ssutherley55@friendfeed.com,Male,233.43.119.245,21,22/11/2000
Silvain,Hubner,shubneri8@fda.gov,Male,111.33.91.210,20,19/06/2001
Simone,Le Galle,slegalle18@lulu.com,Female,102.252.171.248,22,04/07/1999
Simone,Presidey,spresidey8v@cloudflare.com,Female,100.72.125.92,19,03/02/2002
Sindee,Bedberry,sbedberry9a@lulu.com,Female,250.133.232.80,38,23/06/1983
Sisely,Dautry,sdautryq6@chicagotribune.com,Female,209.31.225.179,19,20/08/2002
Siward,Saladino,ssaladinog7@sitemeter.com,Male,17.86.107.246,38,18/04/1983
Skipper,Rizzetti,srizzetti7c@instagram.com,Male,66.194.202.58,31,25/11/1990
Sonnnie,Tiley,stileyet@hexun.com,Female,45.134.67.139,36,25/01/1985
Sonny,Shanks,sshanksj2@domainmarket.com,Male,165.46.33.161,32,22/12/1989
Sophia,Hanmer,shanmer57@ning.com,Female,119.74.186.129,25,24/05/1996
Sorcha,Maseres,smaseresot@hhs.gov,Female,235.193.203.219,27,16/11/1994
Spense,Karys,skarys3i@comsenz.com,Male,96.21.7.162,25,25/07/1996
Staffard,Costy,scosty65@cdbaby.com,Male,185.198.34.214,27,07/08/1994
Stanleigh,Waterson,swaterson9g@auda.org.au,Male,72.206.109.84,37,04/10/1984
Stanleigh,Galland,sgallandb6@hud.gov,Male,27.136.8.206,39,15/06/1982
Stavros,McGibbon,smcgibbonnk@timesonline.co.uk,Male,209.42.231.212,20,12/11/2001
Stearne,Burnyeat,sburnyeat7m@va.gov,Male,169.225.110.245,20,09/07/2001
Stefan,Kanwell,skanwell28@hatena.ne.jp,Male,169.103.230.253,20,20/06/2001
Stefania,Lavallie,slavallie5w@unicef.org,Female,117.215.122.41,40,08/05/1981
Stefania,Mathieson,smathiesonkb@ucsd.edu,Female,144.10.177.74,40,27/12/1981
Steffen,Trodd,stroddd2@irs.gov,Male,120.25.244.116,29,21/01/1992
Stephana,Pighills,spighillsn0@prweb.com,Female,13.137.121.62,22,22/01/1999
Suellen,Robison,srobison52@guardian.co.uk,Female,189.185.116.106,39,25/03/1982
Sunny,Gerardet,sgerardetpb@illinois.edu,Female,19.249.36.63,34,29/04/1987
Susannah,Coupman,scoupmanc9@storify.com,Female,210.22.238.60,25,13/03/1996
Susie,Ellcock,sellcockdz@amazonaws.com,Female,180.240.38.76,29,19/08/1992
Sybyl,Elwill,selwillf6@woothemes.com,Female,127.68.184.40,24,13/04/1997
Sydel,Carvil,scarvilfx@tiny.cc,Female,18.54.91.248,32,28/10/1989
Tab,Boord,tboord5z@example.com,Male,161.38.160.42,35,12/04/1986
Tabatha,Brocking,tbrockinga1@mapy.cz,Female,213.215.61.244,34,25/12/1987
Taffy,Geaney,tgeaney60@amazon.co.uk,Female,3.112.115.223,24,01/08/1997
Talbert,Skittrell,tskittrell5@webeden.co.uk,Male,69.127.9.53,28,27/08/1993
Talia,Larrad,tlarrad11@canalblog.com,Female,7.220.77.64,38,23/06/1983
Tandie,Huonic,thuonic40@yahoo.co.jp,Female,116.242.141.49,31,28/07/1990
Tarrah,Quoit,tquoitlp@typepad.com,Female,137.52.13.217,28,11/08/1993
Tarrance,Murty,tmurtydk@ameblo.jp,Male,210.67.111.179,25,30/12/1996
Tawsha,Sotworth,tsotworthq7@php.net,Female,231.229.178.69,38,15/05/1983
Templeton,Deschlein,tdeschlein2r@nps.gov,Male,96.186.6.145,38,21/02/1983
Teodoor,Mc Caghan,tmccaghannc@netlog.com,Male,50.241.108.75,23,19/08/1998
Tera,Dinsey,tdinsey7a@xing.com,Female,46.249.158.216,23,22/10/1998
Teresina,Mallam,tmallama2@msn.com,Female,31.135.145.53,20,14/03/2001
Teressa,Graser,tgraserei@usda.gov,Female,44.23.160.69,27,02/01/1994
Terrell,Beumant,tbeumantii@google.ca,Male,161.159.133.164,29,19/11/1992
Terrence,Luggar,tluggaraq@symantec.com,Male,144.15.254.129,31,21/11/1990
Terry,Andrivel,tandrivellu@pinterest.com,Male,56.12.218.191,40,24/04/1981
Terrye,Lowde,tlowdepk@storify.com,Female,86.53.114.207,37,11/09/1984
Thadeus,Jepperson,tjeppersondu@ibm.com,Male,220.164.187.127,35,13/02/1986
Thane,Brewer,tbrewerib@timesonline.co.uk,Male,128.45.111.3,35,06/01/1986
Theobald,Spraberry,tspraberryon@miitbeian.gov.cn,Male,24.192.57.183,24,20/11/1997
Thia,Shapero,tshaperoo5@posterous.com,Female,74.217.19.239,26,24/09/1995
Tiffany,Terbeck,tterbeckkk@patch.com,Female,251.227.117.233,19,12/05/2002
Tilda,Pech,tpech3r@e-recht24.de,Female,237.30.21.46,37,14/10/1984
Tildi,Woolis,twoolisbb@intel.com,Female,108.5.131.129,30,14/10/1991
Timotheus,Lethebridge,tlethebridgejt@census.gov,Male,143.236.196.23,29,16/08/1992
Tiphany,Lethieulier,tlethieulierfo@flavors.me,Female,210.19.61.154,20,10/04/2001
Tito,Satchel,tsatchel8q@webnode.com,Male,166.19.5.254,41,26/04/1980
Tobiah,Pollak,tpollakn9@hexun.com,Male,50.101.99.157,30,03/08/1991
Tobie,Totman,ttotmani6@dailymotion.com,Male,219.93.227.196,36,03/08/1985
Todd,Sarney,tsarneyh@so-net.ne.jp,Male,198.199.176.97,23,25/05/1998
Tomlin,Spellman,tspellmanhx@flickr.com,Male,227.230.75.38,37,24/06/1984
Tony,Cayzer,tcayzerb5@purevolume.com,Male,19.22.220.207,27,26/05/1994
Torey,Nolleth,tnolleth2l@yahoo.com,Female,97.6.27.42,39,26/08/1982
Traci,Lahiff,tlahiffco@chicagotribune.com,Female,155.37.24.36,23,03/10/1998
Trenton,Challoner,tchallonerri@sohu.com,Male,132.250.208.87,40,27/12/1981
Tressa,Galley,tgalleyoy@networkadvertising.org,Female,251.93.4.87,19,27/07/2002
Trevor,Plover,tploverdq@netvibes.com,Male,195.239.245.195,39,12/09/1982
Truda,Rabbet,trabbet7q@eepurl.com,Female,152.146.176.138,29,25/06/1992
Trude,Knock,tknockai@ihg.com,Female,15.136.4.83,32,21/08/1989
Trumaine,Verdie,tverdie2y@indiegogo.com,Male,86.17.249.200,37,31/07/1984
Trumann,Kernes,tkernesv@ocn.ne.jp,Male,48.29.203.142,36,10/09/1985
Turner,Benadette,tbenadette58@icio.us,Male,10.112.121.128,40,14/07/1981
Turner,Domaschke,tdomaschke8f@altervista.org,Male,249.1.254.114,33,26/07/1988
Tye,Irnis,tirnis1@usatoday.com,Male,84.146.0.7,33,09/07/1988
Upton,Othick,uothickrq@youku.com,Male,29.62.88.225,26,26/08/1995
Ursa,Inseal,uinsealmc@marketwatch.com,Female,135.247.218.8,34,23/02/1987
Vail,Pooly,vpoolypo@geocities.jp,Male,111.134.175.63,37,23/05/1984
Valaree,Geldeford,vgeldefordne@ucsd.edu,Female,132.209.122.65,37,25/08/1984
Valdemar,Spellecy,vspellecy7f@ucoz.com,Male,102.249.95.3,21,18/10/2000
Vanna,Bennison,vbennisond9@comsenz.com,Female,132.244.153.54,22,08/05/1999
Vanny,Van der Linde,vvanderlindell@squidoo.com,Female,25.44.114.25,29,06/03/1992
Vanya,Cleve,vcleveo3@reverbnation.com,Male,35.248.162.145,32,29/06/1989
Vasilis,Marten,vmartengn@skype.com,Male,56.33.204.105,20,20/12/2001
Vasily,Gounard,vgounarded@technorati.com,Male,245.157.56.30,34,08/08/1987
Vassily,Gallehock,vgallehockjb@shinystat.com,Male,87.21.143.155,30,24/01/1991
Venita,Pidgeley,vpidgeleyqw@soundcloud.com,Female,8.253.62.122,25,03/08/1996
Venus,Lepard,vlepard86@webnode.com,Female,157.239.55.255,39,20/12/1982
Vernice,Anstis,vanstis1e@soundcloud.com,Female,29.14.226.83,25,29/04/1996
Victoria,Spittal,vspittal7e@walmart.com,Female,201.135.51.131,32,10/04/1989
Victoria,Chifney,vchifneyc2@topsy.com,Female,30.121.176.181,19,31/07/2002
Vidovic,Cowthard,vcowthardlz@state.gov,Male,41.113.241.134,32,02/04/1989
Vilhelmina,Rawkesby,vrawkesbyba@yellowpages.com,Female,71.113.180.201,23,03/06/1998
Virgilio,Larderot,vlarderotc1@webs.com,Male,26.15.36.167,30,04/02/1991
Waiter,Kob,wkob80@prnewswire.com,Male,124.72.228.144,20,19/08/2001
Walden,Garthshore,wgarthshore1z@godaddy.com,Male,179.100.93.85,36,16/12/1985
Wandie,Agius,wagius89@nationalgeographic.com,Female,9.5.101.10,22,02/02/1999
Ware,Kondrachenko,wkondrachenkohp@smh.com.au,Male,232.32.73.107,37,28/04/1984
Waverly,Lambshine,wlambshine73@utexas.edu,Male,245.181.37.17,20,28/05/2001
Waverly,Phorsby,wphorsbynh@feedburner.com,Male,146.246.94.116,26,20/06/1995
Wells,Jerrim,wjerrimoj@goo.gl,Male,41.219.158.93,34,07/02/1987
Wenda,Jeacocke,wjeacockegi@reverbnation.com,Female,148.209.239.16,24,15/08/1997
Wendall,Llewellin,wllewellinpa@loc.gov,Male,218.253.102.5,25,20/12/1996
Wiatt,Penrose,wpenrose8n@over-blog.com,Male,229.168.235.71,41,13/07/1980
Wildon,Renzullo,wrenzullocj@123-reg.co.uk,Male,77.18.60.130,24,24/05/1997
Wildon,Talloe,wtalloeps@dailymotion.com,Male,159.97.47.212,42,15/10/1979
Wilhelmina,Cupper,wcupper6p@fema.gov,Female,109.225.130.140,30,20/02/1991
Wilhelmine,Flather,wflather8k@miibeian.gov.cn,Female,235.160.118.85,20,18/09/2001
Willem,Praton,wpratong3@time.com,Male,192.167.120.116,23,22/11/1998
Willey,Eseler,weselere6@skype.com,Male,78.39.138.150,19,01/10/2002
Win,Pippard,wpippard6f@bandcamp.com,Male,241.82.100.46,37,25/12/1984
Win,Grassot,wgrassoth1@naver.com,Male,127.152.67.188,21,29/07/2000
Windham,Ethington,wethington4h@vkontakte.ru,Male,40.92.76.98,40,22/12/1981
Winfield,O' Brian,wobrianbw@elegantthemes.com,Male,166.108.0.155,28,13/07/1993
Winifield,Scholar,wscholarij@1688.com,Male,170.14.171.75,22,28/09/1999
Winn,Le Grice,wlegrice1k@home.pl,Male,32.173.24.32,41,05/05/1980
Winny,Proctor,wproctor4s@ftc.gov,Female,180.33.10.250,34,15/09/1987
Winona,Jennings,wjennings1j@discovery.com,Female,243.127.212.44,21,02/01/2000
Winston,Brimfield,wbrimfield6j@macromedia.com,Male,148.197.72.6,37,10/11/1984
Wolfy,Aitken,waitkenol@eventbrite.com,Male,70.167.197.218,30,21/10/1991
Wren,Pawson,wpawson9z@usgs.gov,Female,169.98.28.109,42,28/10/1979
Wyatan,Cremin,wcremina8@ebay.co.uk,Male,226.79.141.89,21,31/07/2000
Wye,Tregale,wtregale6i@list-manage.com,Male,213.146.185.182,33,13/12/1988
Wylie,Hurton,whurton4r@seesaa.net,Male,0.174.119.135,22,08/09/1999
Xenia,Minister,xministerr9@list-manage.com,Female,73.168.186.221,41,06/04/1980
Xymenes,Dosdale,xdosdalehw@t.co,Male,53.106.39.237,23,26/02/1998
Yolane,Eldridge,yeldridge3b@delicious.com,Female,195.17.244.25,22,24/08/1999
Yolane,Eacle,yeacleom@gmpg.org,Female,220.26.209.5,27,17/06/1994
Yolanthe,Twentyman,ytwentymanf9@prlog.org,Female,16.245.176.2,25,21/07/1996
Yorke,Brade,ybradej1@plala.or.jp,Male,235.238.137.228,25,05/09/1996
Ysabel,Spurdens,yspurdensl9@state.tx.us,Female,80.188.137.82,20,07/06/2001
Yurik,Littrik,ylittrika5@myspace.com,Male,66.138.63.56,23,02/05/1998
Zacharia,Penrice,zpenriceo6@elegantthemes.com,Male,110.99.220.224,39,02/07/1982
Zachariah,Hawgood,zhawgood1h@ovh.net,Male,145.51.203.206,19,23/10/2002
Zara,Plewright,zplewrighte1@hugedomains.com,Female,217.168.90.205,22,11/08/1999
Zeke,Jasper,zjasperbz@dion.ne.jp,Male,195.244.77.97,34,08/07/1987
Zsa zsa,Abbys,zabbys9c@furl.net,Female,197.62.63.29,39,28/09/1982
